nama,provinsi,kabupaten_kota,alamat,titik_koordinat
Gunung Bromo,Jawa Timur,Pasuruan,"Gunung Bromo, Pasuruan","-7.9420691,112.9529769"
Patung Karapan Sapi,Jawa Timur,Surabaya,"Patung Karapan Sapi, Surabaya","-7.2729404,112.742264"
Tugu Nol Kilometer,Aceh اچيه,Sabang,"Tugu Nol Kilometer, Sabang","5.9059272,95.2168533"
Candi Sambisari,Daerah Istimewa Yogyakarta,Sleman,"Candi Sambisari, Sleman","-7.7623668,110.446949"
Candi Gebang,Daerah Istimewa Yogyakarta,Sleman,"Candi Gebang, Sleman","-7.7514278,110.416224"
Candi Kul Kul,,Daerah Khusus ibukota Jakarta,"Candi Kul Kul, Daerah Khusus ibukota Jakarta","-6.1219264,106.8393104"
Monumen Seulawah,Aceh اچيه,Banda Aceh,"Monumen Seulawah, Banda Aceh","5.5492025,95.3129917"
Gunung Mas Tea Plantation Entry Point,Jawa Barat,Kab Bogor,"Gunung Mas Tea Plantation Entry Point, Kab Bogor","-6.7029813,106.9715588"
Kolam Alam Tilangnga',Sulawesi Selatan ᨔᨘᨒᨓᨙᨔᨗ ᨑᨗᨕᨈ,Tana Toraja,"Kolam Alam Tilangnga', Tana Toraja","-3.035305,119.8873106"
Pantai Jakat,Bengkulu,Bengkulu,"Pantai Jakat, Bengkulu","-3.7818528,102.2606734"
Candi Gunung Wukir,Jawa Tengah,Magelang,"Candi Gunung Wukir, Magelang","-7.6342417,110.2968186"
Candi Sojiwan,Jawa Tengah,Klaten,"Candi Sojiwan, Klaten","-7.7608885,110.4961263"
Candi Umbul,Jawa Tengah,Magelang,"Candi Umbul, Magelang","-7.359577,110.297108"
Monumen Titik Nol ITS,Jawa Timur,Surabaya,"Monumen Titik Nol ITS, Surabaya","-7.2857299,112.7956292"
Patung Sigale Gale,Sumatera Utara ᯘᯮᯔᯖᯩᯒ ᯥᯖᯒ,Samosir,"Patung Sigale Gale, Samosir","2.6518535,98.8608994"
Curug Pinang,Jawa Tengah,Purwokerto,"Curug Pinang, Purwokerto","-7.31114,109.2368298"
Pantai Camplong,Jawa Timur,Sampang,"Pantai Camplong, Sampang","-7.2171024,113.3187691"
Goa Jepang,Bali,Klungkung,"Goa Jepang, Klungkung","-8.5525332,115.3814122"
Wisata Batu Kenong,Jawa Timur,Besuki,"Wisata Batu Kenong, Besuki","-7.6887914,113.8317753"
Makam Cut Nyak Dien,Jawa Barat,Sumedang,"Makam Cut Nyak Dien, Sumedang","-6.8632164,107.9164737"
Taman Kota Tolitoli,Sulawesi Tengah,Tolitoli,"Taman Kota Tolitoli, Tolitoli","1.0460089,120.8180181"
Gunung Sari Luwak Coffee,Bali,Gianyar,"Gunung Sari Luwak Coffee, Gianyar","-8.5855431,115.3471842"
Patung Renungan Bung Karno,Nusa Tenggara Timur,Ende,"Patung Renungan Bung Karno, Ende","-8.8436125,121.6436847"
Pantai Cibendo II,Jawa Barat,Karawang ᮊᮛᮝᮀ,"Pantai Cibendo II, Karawang ᮊᮛᮝᮀ","-6.1617233,107.5042661"
Pantai Cibendo,Jawa Barat,Karawang ᮊᮛᮝᮀ,"Pantai Cibendo, Karawang ᮊᮛᮝᮀ","-6.1589764,107.4959574"
Taman Getsemani,Sumatera Utara ᯘᯮᯔᯖᯩᯒ ᯥᯖᯒ,Samosir,Jalan Raya Ambarita,"2.6932995,98.8181854"
Pantai Sibolazi,Sumatera Utara ᯘᯮᯔᯖᯩᯒ ᯥᯖᯒ,Samosir,"Pantai Sibolazi, Samosir","2.7484491,98.7510363"
Pantai Batu Hoda,Sumatera Utara ᯘᯮᯔᯖᯩᯒ ᯥᯖᯒ,Samosir,"Pantai Batu Hoda, Samosir","2.7601108,98.724716"
Tugu Jala Uden,Sumatera Utara ᯘᯮᯔᯖᯩᯒ ᯥᯖᯒ,Samosir,"Tugu Jala Uden, Samosir","2.6780183,98.6908746"
Pantai Ancol Pangururan,Sumatera Utara ᯘᯮᯔᯖᯩᯒ ᯥᯖᯒ,Samosir,"Pantai Ancol Pangururan, Samosir","2.6064128,98.6953646"
Goa Maria,Sumatera Utara ᯘᯮᯔᯖᯩᯒ ᯥᯖᯒ,Samosir,"Goa Maria, Samosir","2.4921819,98.808504"
Pantai Pasi Putih Parbaba,Sumatera Utara ᯘᯮᯔᯖᯩᯒ ᯥᯖᯒ,Samosir,"Pantai Pasi Putih Parbaba, Samosir","2.6955645,98.6898366"
Pantai Situngkir,Sumatera Utara ᯘᯮᯔᯖᯩᯒ ᯥᯖᯒ,Samosir,"Pantai Situngkir, Samosir","2.7029554,98.6900317"
Wisata Lokal Muwawawe Desa Done,Nusa Tenggara Timur,Sikka,"Wisata Lokal Muwawawe Desa Done, Sikka","-8.595247,122.0318928"
Patung Ondel-ondel,,Daerah Khusus ibukota Jakarta,"Patung Ondel-ondel, Daerah Khusus ibukota Jakarta","-6.1599971,106.8517512"
Pantai Cemara,Nusa Tenggara Barat,,"Pantai Cemara, ","-8.8893538,116.5070133"
Traditional house,Papua,Biak Numfor,"Traditional house, Biak Numfor","-0.8345133,135.9563033"
"Goa Jepang, Japanese cave",Papua,Biak Numfor,"Goa Jepang, Japanese cave, Biak Numfor","-1.1779669,136.1056001"
Curug Bugbrug,Jawa Barat,Bandung Barat,"Curug Bugbrug, Bandung Barat","-6.7922202,107.5801987"
Makam Adji Kemala,Kalimantan Timur,Balikpapan,"Makam Adji Kemala, Balikpapan","-1.2732247,116.8083524"
Goa Lawa,Daerah Istimewa Yogyakarta,Kabupaten Gunungkidul ꦏꦧꦸꦥꦠꦺꦤ꧀ꦒꦸꦤꦸꦁꦏꦶꦢꦸꦭ꧀,"Goa Lawa, Kabupaten Gunungkidul ꦏꦧꦸꦥꦠꦺꦤ꧀ꦒꦸꦤꦸꦁꦏꦶꦢꦸꦭ꧀","-8.0250163,110.5542658"
Bukit Chili Rafting,Bali,Karangasem,"Bukit Chili Rafting, Karangasem","-8.423922,115.4376378"
Candi Hati Kudus Yesus,Daerah Istimewa Yogyakarta,Bantul,"Candi Hati Kudus Yesus, Bantul","-7.9261218,110.3198549"
Gunung Kidul,Daerah Istimewa Yogyakarta,Kabupaten Gunungkidul ꦏꦧꦸꦥꦠꦺꦤ꧀ꦒꦸꦤꦸꦁꦏꦶꦢꦸꦭ꧀,"Gunung Kidul, Kabupaten Gunungkidul ꦏꦧꦸꦥꦠꦺꦤ꧀ꦒꦸꦤꦸꦁꦏꦶꦢꦸꦭ꧀","-7.8471675,110.4793346"
Taman Budaya Sentul City,Jawa Barat,Kab Bogor,Jalan Siliwangi,"-6.5842059,106.8828158"
waterfall tiu teja,Nusa Tenggara Barat,Lombok Utara,"waterfall tiu teja, Lombok Utara","-8.3348939,116.3036157"
air terjun jeruk manis,Nusa Tenggara Barat,,"air terjun jeruk manis, ","-8.5175496,116.4255378"
Lakey peak,Nusa Tenggara Barat,,"Lakey peak, ","-8.7964538,118.3785451"
Taman Bakau,Bali,Denpasar ᬤᬾᬦ᭄ᬧᬲᬃ,"Taman Bakau, Denpasar ᬤᬾᬦ᭄ᬧᬲᬃ","-8.7261125,115.1931602"
Pantai Lombang,Jawa Timur,Sumenep,"Pantai Lombang, Sumenep","-6.9186059,114.0650772"
Temple with big statue,Sumatera Utara ᯘᯮᯔᯖᯩᯒ ᯥᯖᯒ,Kota Pematang Siantar–Simalungun,"Temple with big statue, Kota Pematang Siantar–Simalungun","2.9544264,99.0689594"
Pantai Klayar,Jawa Timur,Pacitan,"Pantai Klayar, Pacitan","-8.2235831,110.9472838"
Curug Cipamingkis,Jawa Barat,Kab Bogor,"Curug Cipamingkis, Kab Bogor","-6.6404044,107.0113877"
Curug Ciherang,Jawa Barat,Kab Bogor,"Curug Ciherang, Kab Bogor","-6.6371011,106.9990126"
Curug Cibeet,Jawa Barat,Kab Bogor,"Curug Cibeet, Kab Bogor","-6.6640005,107.0075789"
Curug Arca,Jawa Barat,Kab Bogor,"Curug Arca, Kab Bogor","-6.6555179,107.0141396"
Curug Countri,Jawa Barat,Kab Bogor,"Curug Countri, Kab Bogor","-6.571813,107.120837"
Beach,Nusa Tenggara Timur,Nagekeo,"Beach, Nagekeo","-8.7922035,121.4108667"
Candi Sari,Daerah Istimewa Yogyakarta,Sleman,"Candi Sari, Sleman","-7.7615065,110.4742174"
Goa Rang Reng,Bali,Gianyar,"Goa Rang Reng, Gianyar","-8.5162049,115.3313046"
Beach,Nusa Tenggara Barat,,"Beach, ","-8.1448905,117.378117"
Waterfall,Nusa Tenggara Barat,,"Waterfall, ","-8.1591061,117.5400949"
Hutan Pinus Becici,Daerah Istimewa Yogyakarta,Bantul,"Hutan Pinus Becici, Bantul","-7.9012592,110.4372592"
Curug Ngebul,Jawa Barat,Cianjur,"Curug Ngebul, Cianjur","-7.1551185,107.2042556"
Air Terjun Sri Gethuk,Daerah Istimewa Yogyakarta,Kabupaten Gunungkidul ꦏꦧꦸꦥꦠꦺꦤ꧀ꦒꦸꦤꦸꦁꦏꦶꦢꦸꦭ꧀,"Air Terjun Sri Gethuk, Kabupaten Gunungkidul ꦏꦧꦸꦥꦠꦺꦤ꧀ꦒꦸꦤꦸꦁꦏꦶꦢꦸꦭ꧀","-7.9432134,110.4895782"
Air Terjun Bantimurung,Sulawesi Selatan ᨔᨘᨒᨓᨙᨔᨗ ᨑᨗᨕᨈ,Sulawesi,"Air Terjun Bantimurung, Sulawesi","-5.0165199,119.6855203"
Air Terjun Tukad Cepung,Bali,Bangli,"Air Terjun Tukad Cepung, Bangli","-8.4423213,115.3879035"
Village Lengo,Kalimantan Timur,Berau,"Village Lengo, Berau","1.411335,118.35197"
Pantai Walakiri,Nusa Tenggara Timur,Sumba Timur,"Pantai Walakiri, Sumba Timur","-9.6286074,120.4275101"
Pantai Kawangu,Nusa Tenggara Timur,Sumba Timur,"Pantai Kawangu, Sumba Timur","-9.6650509,120.3324258"
Pantai Londalima,Nusa Tenggara Timur,Kecamatan Kanatang,"Pantai Londalima, Kecamatan Kanatang","-9.5924985,120.2293646"
Air Terjun Tanggendu,Nusa Tenggara Timur,Kecamatan Kanatang,"Air Terjun Tanggendu, Kecamatan Kanatang","-9.5745182,120.0908408"
Pantai Kambera,Nusa Tenggara Timur,Sumba Timur,"Pantai Kambera, Sumba Timur","-9.4855404,120.1288891"
Pantai Larodak,Nusa Tenggara Timur,Sumba Timur,"Pantai Larodak, Sumba Timur","-9.3803484,120.0045633"
Air Terjun Tangkup Krisik,Bali,Bangli,"Air Terjun Tangkup Krisik, Bangli","-8.4575023,115.3877655"
Danau Kapeta,Sulawesi Utara,Kepulauan Siau Tagulandang Biaro,"Danau Kapeta, Kepulauan Siau Tagulandang Biaro","2.65471,125.3989084"
Monument slemant sembada,Daerah Istimewa Yogyakarta,Sleman,"Monument slemant sembada, Sleman","-7.7545052,110.4084257"
Monument sleman sembada,Daerah Istimewa Yogyakarta,Sleman,"Monument sleman sembada, Sleman","-7.7506852,110.4096055"
Monumen sleman sembada,Daerah Istimewa Yogyakarta,Sleman,"Monumen sleman sembada, Sleman","-7.7541555,110.4104937"
Tugu Karangasem,Daerah Istimewa Yogyakarta,Sleman,"Tugu Karangasem, Sleman","-7.7514727,110.4125045"
Patung Persembahan,Daerah Istimewa Yogyakarta,Sleman,"Patung Persembahan, Sleman","-7.7514456,110.4161973"
Monumen Dero,Daerah Istimewa Yogyakarta,Sleman,"Monumen Dero, Sleman","-7.7541552,110.4105019"
Pantai Kedungu,Bali,desa belalang,"Pantai Kedungu, desa belalang","-8.6089485,115.0833909"
Air Terjun Temburun,Kepulauan Riau كڤولاوان رياو,Kepulauan Anambas,"Air Terjun Temburun, Kepulauan Anambas","3.1819543,106.271721"
Gua Jepang,Papua Barat Daya,Sorong,"Gua Jepang, Sorong","-0.8858236,131.2358239"
Cave Burial Site,Sulawesi Selatan ᨔᨘᨒᨓᨙᨔᨗ ᨑᨗᨕᨈ,Tana Toraja,"Cave Burial Site, Tana Toraja","-3.0877273,119.9024613"
Danau Emfote,Papua,Sentani,"Danau Emfote, Sentani","-2.6606606,140.5391968"
Waterfall,Nusa Tenggara Timur,Ende,"Waterfall, Ende","-8.7478096,121.8257445"
Pantai Natsepa,Maluku,Maluku Tengah,"Pantai Natsepa, Maluku Tengah","-3.6215875,128.2914815"
Pantai Liang,Maluku,Maluku Tengah,"Pantai Liang, Maluku Tengah","-3.5065803,128.3443595"
Bukit Kapur Arosbaya,Jawa Timur,Bangkalan,"Bukit Kapur Arosbaya, Bangkalan","-6.9474419,112.8593068"
Wisata Air Sungai Kambang,Kalimantan Selatan,Banjar,"Wisata Air Sungai Kambang, Banjar","-3.5119352,114.9994352"
Goa Jepang,Daerah Istimewa Yogyakarta,Bantul,"Goa Jepang, Bantul","-8.0011317,110.3290669"
Kampung Tradisional,Nusa Tenggara Timur,Alor,"Kampung Tradisional, Alor","-8.1880114,124.5551609"
Danau Biru,Kepulauan Bangka Belitung,Belitung,"Danau Biru, Belitung","-2.7718522,107.6295199"
Taman Wisata Kopeng,Jawa Tengah,Kabupaten Semarang,"Taman Wisata Kopeng, Kabupaten Semarang","-7.3985039,110.4192408"
Danau moko,Sulawesi Tenggara,Muna,"Danau moko, Muna","-5.1742752,122.5833495"
Goa Lokale Wosi,Papua Pegunungan,Jayawijaya,"Goa Lokale Wosi, Jayawijaya","-3.9224864,138.872908"
Waterfalls,Sulawesi Utara,Sulawesi,"Waterfalls, Sulawesi","1.2820914,124.7359625"
Waterfalls Air Konde,Sulawesi Utara,Minahasa Tenggara,"Waterfalls Air Konde, Minahasa Tenggara","1.0400107,124.8047174"
Pantai Tanjung Batu,Kalimantan Barat,Sambas,Pemangkat Kota,"1.1816042,108.969333"
DANAU KIBEKAN,Sumatera Selatan,Muara Enim,"DANAU KIBEKAN, Muara Enim","-3.617762,104.401859"
Taman Kertha Gosa,Bali,Klungkung,"Taman Kertha Gosa, Klungkung","-8.5355721,115.4033338"
Bukit J-88,Jawa Timur,Jember,"Bukit J-88, Jember","-8.0598351,113.7336713"
Pantai Solop,Riau رياو,Indragiri Hilir,"Pantai Solop, Indragiri Hilir","-0.0741896,103.5775891"
Taman Nasonal Komodo,Nusa Tenggara Timur,Manggarai Barat,"Taman Nasonal Komodo, Manggarai Barat","-8.5892324,119.4363446"
Air Terjun Telunjuk Raung,Jawa Timur,Banyuwangi,Songgon,"-8.1717934,114.1419868"
Patung Gandrung,Jawa Timur,Banyuwangi,"Patung Gandrung, Banyuwangi","-8.0923889,114.4155894"
Air Terjun Parang Ijo,Jawa Tengah,Karanganyar,"Air Terjun Parang Ijo, Karanganyar","-7.6218307,111.1340236"
Air Terjun Jumog,Jawa Tengah,Karanganyar,"Air Terjun Jumog, Karanganyar","-7.6312129,111.1269212"
caves,Sulawesi Selatan ᨔᨘᨒᨓᨙᨔᨗ ᨑᨗᨕᨈ,Sulawesi,"caves, Sulawesi","-4.9776749,119.6741563"
Makam Shekh Mubarok,,Kabupaten Tangerang,"Makam Shekh Mubarok, Kabupaten Tangerang","-6.2471225,106.4484787"
Pantai Lasiana,Nusa Tenggara Timur,Kupang,"Pantai Lasiana, Kupang","-10.131952,123.6691231"
Pantai Tablolong,Nusa Tenggara Timur,Kupang,"Pantai Tablolong, Kupang","-10.3174213,123.4756732"
Pantai Waibuku,Nusa Tenggara Timur,Sumba Barat Daya,"Pantai Waibuku, Sumba Barat Daya","-9.6835448,119.0389523"
Pantai Puru Kambera,Nusa Tenggara Timur,Sumba Timur,"Pantai Puru Kambera, Sumba Timur","-9.4835666,120.1372352"
Curug Putri Carita,Banten ᮘᮔ᮪ᮒᮨᮔ᮪,Pandeglang,"Sukarame, Carita, Kabupaten Pandeglang, Banten","-6.2778135,105.8562169"
Balai Tahura,Banten ᮘᮔ᮪ᮒᮨᮔ᮪,Pandeglang,"Kabupaten Pandeglang, Banten","-6.2926599,105.8412076"
Kampung Warna Warni Jodipan,Jawa Timur,Kota Malang,"Kampung Warna Warni Jodipan, Kota Malang","-7.9831221,112.6378633"
Pantai Pintu Kota,Maluku,Ambon,"Pantai Pintu Kota, Ambon","-3.770595,128.1524569"
Gua Jepang,Sulawesi Utara,Sulawesi,"Gua Jepang, Sulawesi","1.3270766,124.9256582"
Pantai Tanganga (Beach),Sulawesi Utara,Kepulauan Siau Tagulandang Biaro,"Pantai Tanganga (Beach), Kepulauan Siau Tagulandang Biaro","2.6360899,125.4177441"
Pantai Marahe,Sulawesi Utara,Sulawesi,"Pantai Marahe, Sulawesi","3.486761,125.6693265"
Pantai Kutu,Sulawesi Utara,Kepulauan Sangihe,"Pantai Kutu, Kepulauan Sangihe","3.4807924,125.6700556"
Pantai Sapaeng,Sulawesi Utara,Kepulauan Sangihe,"Pantai Sapaeng, Kepulauan Sangihe","3.5810768,125.5803455"
DANAU MAWANG,Sulawesi Selatan ᨔᨘᨒᨓᨙᨔᨗ ᨑᨗᨕᨈ,Sulawesi,"DANAU MAWANG, Sulawesi","-5.2252762,119.5025933"
Kampung Komodo,Nusa Tenggara Timur,Manggarai Barat,"Kampung Komodo, Manggarai Barat","-8.5895506,119.4886136"
Kampung Rinca,Nusa Tenggara Timur,Manggarai Barat,"Kampung Rinca, Manggarai Barat","-8.6203351,119.7864407"
Hutan Pinus Asri,Daerah Istimewa Yogyakarta,Bantul,"Hutan Pinus Asri, Bantul","-7.9210551,110.43542"
Bukit Mpolenda,Sulawesi Tengah,Poso,"Bukit Mpolenda, Poso","-1.4949322,120.3218106"
Taman Selfie,Jawa Timur,Surabaya,"Taman Selfie, Surabaya","-7.2965915,112.738127"
Makam Mbah (Sunan) Bungkul,Jawa Timur,Surabaya,"Makam Mbah (Sunan) Bungkul, Surabaya","-7.2914292,112.7400268"
Patung Surabaya,Jawa Timur,Surabaya,"Patung Surabaya, Surabaya","-7.2253554,112.7882081"
Bukit Wisata Pulepayung,Daerah Istimewa Yogyakarta,Kulonprogo,"Bukit Wisata Pulepayung, Kulonprogo","-7.7999084,110.1234788"
Wisata Alam Kalibiru,Daerah Istimewa Yogyakarta,Kulonprogo,"Wisata Alam Kalibiru, Kulonprogo","-7.8061511,110.1284676"
KAMPUNG ADAT DONAMEZE,Nusa Tenggara Timur,Ngada,"KAMPUNG ADAT DONAMEZE, Ngada","-8.904761,121.0229685"
Hutan Pinus Sari,Daerah Istimewa Yogyakarta,Bantul,"Hutan Pinus Sari, Bantul","-7.9261585,110.4309128"
Bukit Lintang Sewu,Daerah Istimewa Yogyakarta,Bantul,"Bukit Lintang Sewu, Bantul","-7.9138987,110.4355259"
Curug Telu,Jawa Tengah,Purwokerto,"Curug Telu, Purwokerto","-7.3179337,109.2419474"
Taman Rekreasi Selecta,Jawa Timur,Kota Batu,"Taman Rekreasi Selecta, Kota Batu","-7.8185801,112.5258882"
Pantai Batu Lumbang,Bali,Tabanan,"Pantai Batu Lumbang, Tabanan","-8.5242016,114.9905845"
Wisata Pemandian Air Panas Dabo,Kepulauan Riau كڤولاوان رياو,Lingga,"Wisata Pemandian Air Panas Dabo, Lingga","-0.4398747,104.5216167"
Pantai Halassy,Maluku,Maluku Tengah,"Pantai Halassy, Maluku Tengah","-3.5140867,128.2301844"
Pantai Balekambang Malang,Jawa Timur,Kabupaten Malang,"Pantai Balekambang Malang, Kabupaten Malang","-8.4030438,112.5364708"
Pantai Parang Dowo,Jawa Timur,Kabupaten Malang,"Pantai Parang Dowo, Kabupaten Malang","-8.4279431,112.6263283"
Hutan De Djawatan,Jawa Timur,Banyuwangi,"Hutan De Djawatan, Banyuwangi","-8.431429,114.226137"
Taman,Jawa Timur,Banyuwangi,"Taman, Banyuwangi","-8.176008,114.257527"
Air Terjun Kuning,Bali,,"Air Terjun Kuning, ","-8.491106,115.3600426"
Bukit Rhema (Chicken Church),Jawa Tengah,Magelang,"Bukit Rhema (Chicken Church), Magelang","-7.6056122,110.1805905"
Makam Abdul Wahid,Jawa Tengah,Salatiga,"Makam Abdul Wahid, Salatiga","-7.3566971,110.5237332"
Air Terjun Saka Dua,Kalimantan Barat,Sanggau,"Air Terjun Saka Dua, Sanggau","-0.0408918,110.5366195"
Lembah Diyeng,Jawa Timur,Bangil,"Lembah Diyeng, Bangil","-7.5939091,112.6636"
Hutan Pinus Kalilo,Jawa Tengah,Purworejo,"Hutan Pinus Kalilo, Purworejo","-7.7511136,110.1182989"
Hutan pinus Sigendol,Jawa Tengah,Purworejo,"Hutan pinus Sigendol, Purworejo","-7.7555308,110.1197838"
Kampung Tahu Tinalan,Jawa Timur,Kota Kediri,Jalan Tinalan Gang 4,"-7.8301902,112.0311702"
Taman Sungai Mudal,Daerah Istimewa Yogyakarta,Kulonprogo,"Taman Sungai Mudal, Kulonprogo","-7.7628526,110.1164352"
Taman Bermain,Jawa Timur,Kabupaten Malang,"Taman Bermain, Kabupaten Malang","-8.1679035,112.5704361"
LEMBAH GUNUNG MADU,Jawa Tengah,Boyolali,"LEMBAH GUNUNG MADU, Boyolali","-7.4105401,110.6899137"
Wisata Desa Ngidam Muncar,Jawa Tengah,Kabupaten Semarang,"Wisata Desa Ngidam Muncar, Kabupaten Semarang","-7.3814518,110.6201352"
Wisata Embung Gilirejo,Jawa Tengah,Boyolali,"Wisata Embung Gilirejo, Boyolali","-7.2970791,110.6115839"
Pemandian Air Panas Tirta Madu Barokah,Jawa Tengah,Magelang,"Pemandian Air Panas Tirta Madu Barokah, Magelang","-7.5696484,110.1875255"
Pemandian Air Panas Ngasinan,Jawa Tengah,Magelang,"Pemandian Air Panas Ngasinan, Magelang","-7.5687256,110.1875824"
Taman Air Kalibening,Jawa Tengah,Magelang,"Taman Air Kalibening, Magelang","-7.4233524,110.2208518"
Kolam Renang Songgoriti,Jawa Timur,Kota Batu,"Kolam Renang Songgoriti, Kota Batu","-7.8663194,112.4923611"
Taman Dayu,Jawa Timur,Bangil,"Taman Dayu, Bangil","-7.6885366,112.6828714"
Village,Bali,Tabanan,"Village, Tabanan","-8.4446244,115.0656849"
Waterfall,Bali,Tabanan,"Waterfall, Tabanan","-8.4322043,115.0670368"
Kampung Korea Bandung,Jawa Barat,Kota Bandung,"Kampung Korea Bandung, Kota Bandung","-6.9155688,107.6406431"
Candi Prambanan,Daerah Istimewa Yogyakarta,Sleman,"Candi Prambanan, Sleman","-7.7520157,110.4914556"
Pasar Boawae,Nusa Tenggara Timur,Nagekeo,"Pasar Boawae, Nagekeo","-8.7602263,121.1622661"
Air Terjun Studio Alam,Jawa Timur,Magetan,"Air Terjun Studio Alam, Magetan","-7.6547379,111.1879618"
Danau Wisata Teluk Gelam,Sumatera Selatan,Ogan Komering Ilir,"Danau Wisata Teluk Gelam, Ogan Komering Ilir","-3.5651185,104.7942738"
Air Terjun Lawean,Jawa Timur,Tulungagung,"Air Terjun Lawean, Tulungagung","-7.8824527,111.7971947"
Waterfall Cave,Bali,Bangli,"Waterfall Cave, Bangli","-8.4434187,115.3872408"
Air Terjun Anenderat,Papua Barat Daya,Tambrauw,Distrik Miyah,"-0.8699723,132.7346929"
Taman Baloho Indah,Sumatera Utara ᯘᯮᯔᯖᯩᯒ ᯥᯖᯒ,Nias Selatan,"Taman Baloho Indah, Nias Selatan","0.5595402,97.8022913"
Taman Braga,Jawa Barat,Kota Bandung,"Taman Braga, Kota Bandung","-6.9198661,107.6101042"
Bukit Tengah,Bali,Karangasem,"Bukit Tengah, Karangasem","-8.5385661,115.4768394"
Kampung Bugis,Kepulauan Riau كڤولاوان رياو,Sumatera,"Kampung Bugis, Sumatera","0.9401515,104.4437691"
Air Terjun Kalipait,Jawa Timur,Bondowoso,"Air Terjun Kalipait, Bondowoso","-8.0625041,114.216544"
Taman Mangrove Berbas Pantai,Kalimantan Timur,Bontang,"Taman Mangrove Berbas Pantai, Bontang","0.1074234,117.4869435"
Pantai Oyama,Sulawesi Tengah,Banggai Laut,"Pantai Oyama, Banggai Laut","-1.4810045,123.5263893"
Air Terjun Pelabian,Jambi,Tanjung Jabung Barat,"Air Terjun Pelabian, Tanjung Jabung Barat","-1.1218999,102.959056"
Air Terjun Waimarang,Nusa Tenggara Timur,Sumba Timur,"Air Terjun Waimarang, Sumba Timur","-9.9688207,120.6028936"
Hutan Wisata Mangroove Lantebung,,Sulawesi,"Hutan Wisata Mangroove Lantebung, Sulawesi","-5.077014,119.4655973"
Pemandian Banyu Habang,Kalimantan Tengah,Barito Selatan,"Pemandian Banyu Habang, Barito Selatan","-1.6703509,114.905449"
Pemandian Cendana Harum,Kalimantan Tengah,Barito Selatan,"Pemandian Cendana Harum, Barito Selatan","-1.6706025,114.9058371"
Air Terjun Bulu Langi,Sulawesi Selatan ᨔᨘᨒᨓᨙᨔᨗ ᨑᨗᨕᨈ,Sulawesi,"Air Terjun Bulu Langi, Sulawesi","-3.2978811,119.7353132"
Air Terjun,Jawa Barat,Desa Pagandaran,"Air Terjun, Desa Pagandaran","-7.721905,108.659707"
Air Terjun Jammeng,Sulawesi Selatan ᨔᨘᨒᨓᨙᨔᨗ ᨑᨗᨕᨈ,Sulawesi,"Air Terjun Jammeng, Sulawesi","-6.2664018,120.5258454"
Kampung Djoker,Jawa Timur,Surabaya,Jalan Manukan Lor IV E,"-7.2593851,112.6616894"
Gunung Gajah,Daerah Istimewa Yogyakarta,Kulonprogo,"Gunung Gajah, Kulonprogo","-7.7229219,110.1274591"
Monumen Trisula Blitar,Jawa Timur,Blitar,Jl.Trisula Bakung Blitar,"-8.2593837,112.0745185"
Air Terjun Coban Kromo,Jawa Timur,Tulungagung,"Air Terjun Coban Kromo, Tulungagung","-8.1608565,111.8892288"
Wisata Londa,Sulawesi Selatan ᨔᨘᨒᨓᨙᨔᨗ ᨑᨗᨕᨈ,Toraja Utara,"Wisata Londa, Toraja Utara","-3.0153384,119.8763698"
Wisata Lemo,Sulawesi Selatan ᨔᨘᨒᨓᨙᨔᨗ ᨑᨗᨕᨈ,Tana Toraja,"Wisata Lemo, Tana Toraja","-3.0427863,119.8772437"
Kampung Tua Bitombang,Sulawesi Selatan ᨔᨘᨒᨓᨙᨔᨗ ᨑᨗᨕᨈ,Sulawesi,"Kampung Tua Bitombang, Sulawesi","-6.1513209,120.5077886"
Wisata Alam Permadian Malotong,Sulawesi Tengah,Tojo Una-Una,"Wisata Alam Permadian Malotong, Tojo Una-Una","-0.8858631,121.5227476"
Wisata Gunung Prongos Ngrayun,Jawa Timur,Ponorogo,"Wisata Gunung Prongos Ngrayun, Ponorogo","-8.1058255,111.487337"
Gunung Kotak,Jawa Timur,Ponorogo,"Gunung Kotak, Ponorogo","-8.0659411,111.4611707"
Pasar Anyar,Jawa Barat,Bogor,Jalan Dewi Sartika,"-6.5916299,106.7921421"
Taman Makam Pahlawan,Sumatera Selatan,Palembang,"Taman Makam Pahlawan, Palembang","-2.9626739,104.7424554"
Masjid Raya Ganting,Sumatera Barat,Padang,"Masjid Raya Ganting, Padang","-0.9545252,100.3694525"
Taman Purbakala Airmadidi Bawah,Sulawesi Utara,Minahasa Utara,"Taman Purbakala Airmadidi Bawah, Minahasa Utara","1.4196609,124.9758206"
Monumen Gerbong Maut,Jawa Timur,Bondowoso,"Monumen Gerbong Maut, Bondowoso","-7.9140563,113.8220181"
Taman Edukasi Tsunami,Aceh اچيه,Banda Aceh,"Taman Edukasi Tsunami, Banda Aceh","5.5464852,95.3068343"
Taman Ujung Water Palace,Bali,Karangasem,"Taman Ujung Water Palace, Karangasem","-8.4645321,115.6301242"
Candi Sewu,Jawa Tengah,Klaten,"Candi Sewu, Klaten","-7.7439189,110.4928841"
Monumen Pahlawan Nasional Sisingamangaraja,Sumatera Utara ᯘᯮᯔᯖᯩᯒ ᯥᯖᯒ,Kota Medan ᯔᯩᯑᯉ᯲,"Monumen Pahlawan Nasional Sisingamangaraja, Kota Medan ᯔᯩᯑᯉ᯲","3.5649809,98.6929169"
Simpang Lima Gumul,Jawa Timur,Kabupaten Kediri,"Simpang Lima Gumul, Kabupaten Kediri","-7.8158956,112.0622592"
Pantai Kwaru,Daerah Istimewa Yogyakarta,Bantul,"Pantai Kwaru, Bantul","-7.9911841,110.2269068"
Pantai Baru,Daerah Istimewa Yogyakarta,Bantul,"Pantai Baru, Bantul","-7.9898945,110.2230211"
Pantai Glagah,Daerah Istimewa Yogyakarta,Kulonprogo,"Pantai Glagah, Kulonprogo","-7.9165301,110.0761782"
Museum Batak,Sumatera Utara ᯘᯮᯔᯖᯩᯒ ᯥᯖᯒ,Samosir,"Museum Batak, Samosir","2.650669,98.8601072"
Pantai Sarangan,Daerah Istimewa Yogyakarta,Jawa,"Pantai Sarangan, Jawa","-8.1463072,110.599492"
Pantai Baron,Daerah Istimewa Yogyakarta,Jawa,"Pantai Baron, Jawa","-8.128913,110.5488438"
Pantai Kukup,Daerah Istimewa Yogyakarta,Kabupaten Gunungkidul ꦏꦧꦸꦥꦠꦺꦤ꧀ꦒꦸꦤꦸꦁꦏꦶꦢꦸꦭ꧀,"Pantai Kukup, Kabupaten Gunungkidul ꦏꦧꦸꦥꦠꦺꦤ꧀ꦒꦸꦤꦸꦁꦏꦶꦢꦸꦭ꧀","-8.1334704,110.5541395"
Pantai Sundak,Daerah Istimewa Yogyakarta,Kabupaten Gunungkidul ꦏꦧꦸꦥꦠꦺꦤ꧀ꦒꦸꦤꦸꦁꦏꦶꦢꦸꦭ꧀,"Pantai Sundak, Kabupaten Gunungkidul ꦏꦧꦸꦥꦠꦺꦤ꧀ꦒꦸꦤꦸꦁꦏꦶꦢꦸꦭ꧀","-8.1471582,110.6078605"
Pantai Sepanjang,Daerah Istimewa Yogyakarta,Kabupaten Gunungkidul ꦏꦧꦸꦥꦠꦺꦤ꧀ꦒꦸꦤꦸꦁꦏꦶꦢꦸꦭ꧀,"Pantai Sepanjang, Kabupaten Gunungkidul ꦏꦧꦸꦥꦠꦺꦤ꧀ꦒꦸꦤꦸꦁꦏꦶꦢꦸꦭ꧀","-8.1369059,110.5667744"
Pantai Drini,Daerah Istimewa Yogyakarta,Kabupaten Gunungkidul ꦏꦧꦸꦥꦠꦺꦤ꧀ꦒꦸꦤꦸꦁꦏꦶꦢꦸꦭ꧀,"Pantai Drini, Kabupaten Gunungkidul ꦏꦧꦸꦥꦠꦺꦤ꧀ꦒꦸꦤꦸꦁꦏꦶꦢꦸꦭ꧀","-8.1381047,110.5775814"
Pantai Indrayanti,Daerah Istimewa Yogyakarta,Kabupaten Gunungkidul ꦏꦧꦸꦥꦠꦺꦤ꧀ꦒꦸꦤꦸꦁꦏꦶꦢꦸꦭ꧀,"Pantai Indrayanti, Kabupaten Gunungkidul ꦏꦧꦸꦥꦠꦺꦤ꧀ꦒꦸꦤꦸꦁꦏꦶꦢꦸꦭ꧀","-8.1498757,110.6111925"
Pantai Pok Tunggal,Daerah Istimewa Yogyakarta,Jawa,"Pantai Pok Tunggal, Jawa","-8.1555158,110.6216017"
Pantai Siung,Daerah Istimewa Yogyakarta,Jawa,"Pantai Siung, Jawa","-8.1821636,110.6832452"
Wisata Goa Lebar,Jawa Timur,Sampang,Jl. Pahlawan G.5,"-7.1950125,113.2554346"
Simpang Lima Gumul,Jawa Timur,Kabupaten Kediri,"Simpang Lima Gumul, Kabupaten Kediri","-7.8158952,112.0622661"
pendopo citra niaga,Kalimantan Timur,Samarinda,"pendopo citra niaga, Samarinda","-0.503081,117.1494196"
Taman Wisata Loang Gali,Nusa Tenggara Barat,,"Taman Wisata Loang Gali, ","-8.5610402,116.5053682"
Tugu,Sumatera Utara ᯘᯮᯔᯖᯩᯒ ᯥᯖᯒ,Samosir,"Tugu, Samosir","2.6793113,98.8361497"
Pasar Triwindu,Jawa Tengah,Surakarta,"Pasar Triwindu, Surakarta","-7.5691863,110.8225492"
Wisata Kuliner Bili-Bili,Sulawesi Selatan ᨔᨘᨒᨓᨙᨔᨗ ᨑᨗᨕᨈ,Sulawesi,"Wisata Kuliner Bili-Bili, Sulawesi","-5.2515072,119.5914161"
Pasar Tradisional Singkawang,Kalimantan Barat,Singkawang,"Pasar Tradisional Singkawang, Singkawang","0.9073837,108.9912639"
Pantai Goa Cemara,Daerah Istimewa Yogyakarta,Bantul,"Pantai Goa Cemara, Bantul","-8.0000533,110.2511568"
Klenteng Tien Kok Sie,Jawa Tengah,Surakarta,"Klenteng Tien Kok Sie, Surakarta","-7.5697165,110.8313228"
Gunung Kunci,Jawa Barat,Sumedang,"Gunung Kunci, Sumedang","-6.8551806,107.9176424"
Pantai Timang,Daerah Istimewa Yogyakarta,Kabupaten Gunungkidul ꦏꦧꦸꦥꦠꦺꦤ꧀ꦒꦸꦤꦸꦁꦏꦶꦢꦸꦭ꧀,"Pantai Timang, Kabupaten Gunungkidul ꦏꦧꦸꦥꦠꦺꦤ꧀ꦒꦸꦤꦸꦁꦏꦶꦢꦸꦭ꧀","-8.1756466,110.6632618"
Pantai Watu Lumbung,Daerah Istimewa Yogyakarta,Kabupaten Gunungkidul ꦏꦧꦸꦥꦠꦺꦤ꧀ꦒꦸꦤꦸꦁꦏꦶꦢꦸꦭ꧀,"Pantai Watu Lumbung, Kabupaten Gunungkidul ꦏꦧꦸꦥꦠꦺꦤ꧀ꦒꦸꦤꦸꦁꦏꦶꦢꦸꦭ꧀","-8.1862943,110.7002245"
Taman Tirtagangga,Bali,Karangasem,"Taman Tirtagangga, Karangasem","-8.4123597,115.5868583"
Wisata Warung Lesehan Pantai Marunda,,Daerah Khusus ibukota Jakarta,"Wisata Warung Lesehan Pantai Marunda, Daerah Khusus ibukota Jakarta","-6.0933382,106.9603846"
Pasar Seni Guwang,Bali,Gianyar,"Pasar Seni Guwang, Gianyar","-8.6046289,115.280483"
Makam Raja-Raja Bugis,Aceh اچيه,Banda Aceh,"Makam Raja-Raja Bugis, Banda Aceh","5.5490287,95.3207744"
Taman Tjong Yong Hian,Sumatera Utara ᯘᯮᯔᯖᯩᯒ ᯥᯖᯒ,Kota Medan ᯔᯩᯑᯉ᯲,"Taman Tjong Yong Hian, Kota Medan ᯔᯩᯑᯉ᯲","3.5861173,98.6693324"
Taman Wisata Mekarsari,Jawa Barat,Kab Bogor,"Taman Wisata Mekarsari, Kab Bogor","-6.4158494,106.984967"
Kolam buaya,Jawa Barat,Kab Bogor,"Kolam buaya, Kab Bogor","-6.7222236,106.9500565"
Candi Mendut,Jawa Tengah,Magelang,"Candi Mendut, Magelang","-7.6048141,110.2301192"
Monumen Korban 40.000 Jiwa,Sulawesi Selatan ᨔᨘᨒᨓᨙᨔᨗ ᨑᨗᨕᨈ,Parepare,"Monumen Korban 40.000 Jiwa, Parepare","-4.0089503,119.6220015"
Kampung Adat Wunga,Nusa Tenggara Timur,Sumba Timur,"Kampung Adat Wunga, Sumba Timur","-9.3763392,119.9404451"
Pasar Senggol Kuta,Bali,Badung,"Pasar Senggol Kuta, Badung","-8.7248891,115.1783303"
Taman Karangasem,Daerah Istimewa Yogyakarta,Sleman,"Taman Karangasem, Sleman","-7.7503745,110.4105809"
taman kecil,Daerah Istimewa Yogyakarta,Sleman,"taman kecil, Sleman","-7.7490065,110.4023117"
Taman,Daerah Istimewa Yogyakarta,Sleman,"Taman, Sleman","-7.745247,110.412357"
taman sekolah,Daerah Istimewa Yogyakarta,Sleman,"taman sekolah, Sleman","-7.7525102,110.3948798"
Taman sekolah,Daerah Istimewa Yogyakarta,Sleman,"Taman sekolah, Sleman","-7.7487677,110.4082506"
taman kecil,Daerah Istimewa Yogyakarta,Sleman,"taman kecil, Sleman","-7.7460016,110.4142024"
Taman mungil,Daerah Istimewa Yogyakarta,Sleman,"Taman mungil, Sleman","-7.7491578,110.409715"
Taman Kuliner Utara,Daerah Istimewa Yogyakarta,Sleman,"Taman Kuliner Utara, Sleman","-7.7550816,110.3947555"
Taman Dero,Daerah Istimewa Yogyakarta,Sleman,"Taman Dero, Sleman","-7.7532832,110.4095405"
Taman Budaya Garuda Wisnu Kencana,Bali,Badung,"Jl. Raya Uluwatu, Ungasan,","-8.8103903,115.1646218"
Taman Sari Water Castle,Daerah Istimewa Yogyakarta,Kota Yogyakarta,"Taman Sari Water Castle, Kota Yogyakarta","-7.8099778,110.3591268"
Rumah Adat Lamin Kutai Guntung,Kalimantan Timur,Bontang,"Rumah Adat Lamin Kutai Guntung, Bontang","0.197837,117.4729731"
Candi Pawon,Jawa Tengah,Magelang,"Candi Pawon, Magelang","-7.6061281,110.2195602"
Balai Sentra Handicrafts,Kalimantan Barat,Kapuas Hulu,"Balai Sentra Handicrafts, Kapuas Hulu","0.8957791,112.9359142"
Pantai Bali Lestari,Sumatera Utara ᯘᯮᯔᯖᯩᯒ ᯥᯖᯒ,Serdang Bedagai,"Pantai Bali Lestari, Serdang Bedagai","3.6541035,98.9795557"
Pantai Pondok Permai,Sumatera Utara ᯘᯮᯔᯖᯩᯒ ᯥᯖᯒ,Serdang Bedagai,"Pantai Pondok Permai, Serdang Bedagai","3.6550591,98.9770385"
Candi Plaosan Lor,Jawa Tengah,Klaten,"Candi Plaosan Lor, Klaten","-7.7405467,110.5045521"
Pantai Porok,Daerah Istimewa Yogyakarta,Kabupaten Gunungkidul ꦏꦧꦸꦥꦠꦺꦤ꧀ꦒꦸꦤꦸꦁꦏꦶꦢꦸꦭ꧀,"Pantai Porok, Kabupaten Gunungkidul ꦏꦧꦸꦥꦠꦺꦤ꧀ꦒꦸꦤꦸꦁꦏꦶꦢꦸꦭ꧀","-8.1342145,110.5577541"
Pantai Lolang,Daerah Istimewa Yogyakarta,Kabupaten Gunungkidul ꦏꦧꦸꦥꦠꦺꦤ꧀ꦒꦸꦤꦸꦁꦏꦶꦢꦸꦭ꧀,"Pantai Lolang, Kabupaten Gunungkidul ꦏꦧꦸꦥꦠꦺꦤ꧀ꦒꦸꦤꦸꦁꦏꦶꦢꦸꦭ꧀","-8.136181,110.5627768"
tugu burung silindid,Riau رياو,Dumai,"tugu burung silindid, Dumai","1.6780276,101.441204"
Bukit Cemara,Sumatera Barat,Sawahlunto,"Bukit Cemara, Sawahlunto","-0.674161,100.7732892"
Taman Ngarai Maaram,Sumatera Barat,Bukittinggi,"Taman Ngarai Maaram, Bukittinggi","-0.3011504,100.3646766"
Candi Sukuh,Jawa Tengah,Karanganyar,"Candi Sukuh, Karanganyar","-7.6273152,111.1315373"
Candi Cetho,Jawa Tengah,Karanganyar,"Candi Cetho, Karanganyar","-7.5957362,111.1581311"
Pantai Sangleng,Daerah Istimewa Yogyakarta,Kabupaten Gunungkidul ꦏꦧꦸꦥꦠꦺꦤ꧀ꦒꦸꦤꦸꦁꦏꦶꦢꦸꦭ꧀,"Pantai Sangleng, Kabupaten Gunungkidul ꦏꦧꦸꦥꦠꦺꦤ꧀ꦒꦸꦤꦸꦁꦏꦶꦢꦸꦭ꧀","-8.1371545,110.5711953"
Kampung Wisata,Jawa Barat,Kab Bogor,"Kampung Wisata, Kab Bogor","-6.3684975,106.9580228"
Kampung Ketupat,Kalimantan Selatan,Banjarmasin,"Kampung Ketupat, Banjarmasin","-3.3229476,114.596141"
Wisata Kebun Gowa,Sulawesi Selatan ᨔᨘᨒᨓᨙᨔᨗ ᨑᨗᨕᨈ,Sulawesi,"Wisata Kebun Gowa, Sulawesi","-5.2336016,119.5235895"
Wisata Taman Jati,Sulawesi Tengah,Langaleso,"Wisata Taman Jati, Langaleso","-0.9873285,119.8947054"
Bukit Kayangan,Jawa Tengah,Pati,"Bukit Kayangan, Pati","-6.6545213,110.9370497"
Bukit Rasamala,Jawa Tengah,Pati,"Bukit Rasamala, Pati","-6.6294522,110.9528873"
Patung Surabaya,Jawa Timur,Surabaya,"Patung Surabaya, Surabaya","-7.2253563,112.7882102"
Taman Wisata Mangrove Klawalu,Papua Barat Daya,Sorong,"Taman Wisata Mangrove Klawalu, Sorong","-0.9136471,131.307258"
Wisata Pemancingan Danau Philipine,Kalimantan Timur,Kutai Timur,"Wisata Pemancingan Danau Philipine, Kutai Timur","1.3921901,117.6245674"
Air Terjun BSI,Jawa Barat,Indramayu,"Air Terjun BSI, Indramayu","-6.3434261,108.3197047"
Rumah Adat Aceh,Aceh اچيه,Langsa,"Rumah Adat Aceh, Langsa","4.4896699,97.9441057"
Kampung Tahu Tinalan,Jawa Timur,Kota Kediri,Jalan Tinalan Gang 4,"-7.829336,112.028038"
Pasar Ikan Bersih Singkawang,Kalimantan Barat,Singkawang,"Pasar Ikan Bersih Singkawang, Singkawang","0.9071974,108.9908813"
Pantai Grand Watu Dodol (GWK),Jawa Timur,Banyuwangi,"Pantai Grand Watu Dodol (GWK), Banyuwangi","-8.0874385,114.4165218"
Wisata Religi Miniatur Ka'bah,Jawa Timur,Probolinggo,"Wisata Religi Miniatur Ka'bah, Probolinggo","-7.7871113,113.280333"
Pantai Karangjahe,Jawa Tengah,Rembang,"Pantai Karangjahe, Rembang","-6.6868751,111.4120869"
Pasar Brumbung,Jawa Tengah,Rembang,"Pasar Brumbung, Rembang","-6.7474798,111.2955392"
Taman Makam Pahlawan Tulang Bawang,Lampung,Tulang Bawang,"Taman Makam Pahlawan Tulang Bawang, Tulang Bawang","-4.5165965,105.2318369"
Tugu Penyerahan Kedaulatan,Kalimantan Barat,Singkawang,"Tugu Penyerahan Kedaulatan, Singkawang","0.9110547,108.9890377"
Pantai Istana Amal,Kalimantan Timur,Penajam Paser Utara,"Pantai Istana Amal, Penajam Paser Utara","-1.2711688,116.7665554"
Wisata Hutan Pinus Cisidin,Banten ᮘᮔ᮪ᮒᮨᮔ᮪,Lebak,"Wisata Hutan Pinus Cisidin, Lebak","-6.6423757,106.3818185"
Kolam Renang Telaga Biru & Wisata Alam Situ Parengrang,Banten ᮘᮔ᮪ᮒᮨᮔ᮪,Lebak,"Kolam Renang Telaga Biru & Wisata Alam Situ Parengrang, Lebak","-6.6638362,106.359324"
Rumah Adat Kuta Rekan Tatau,Kalimantan Timur,Penajam Paser Utara,"Rumah Adat Kuta Rekan Tatau, Penajam Paser Utara","-1.3080174,116.737711"
Kampung Ekowisata Keranggan,Banten ᮘᮔ᮪ᮒᮨᮔ᮪,Tangerang Selatan,"Kampung Ekowisata Keranggan, Tangerang Selatan","-6.3479669,106.6522388"
Pasar Malam Semawis,Jawa Tengah,Kota Semarang,"Pasar Malam Semawis, Kota Semarang","-6.9747414,110.426697"
Danau Paisu Pok Luk Panenteng,Sulawesi Tengah,Banggai Kepulauan,"Danau Paisu Pok Luk Panenteng, Banggai Kepulauan","-1.2177869,122.9732009"
WISATA KEBUN JATI GELEBUG CANDRA,Sulawesi Utara,Bolaang Mongondow,"WISATA KEBUN JATI GELEBUG CANDRA, Bolaang Mongondow","0.5569515,123.9639173"
Wisata Watu Gendong,Daerah Istimewa Yogyakarta,Kabupaten Gunungkidul ꦏꦧꦸꦥꦠꦺꦤ꧀ꦒꦸꦤꦸꦁꦏꦶꦢꦸꦭ꧀,"Wisata Watu Gendong, Kabupaten Gunungkidul ꦏꦧꦸꦥꦠꦺꦤ꧀ꦒꦸꦤꦸꦁꦏꦶꦢꦸꦭ꧀","-7.8403724,110.670125"
Wisata Sawah Lope,Jawa Barat,Kuningan,"Wisata Sawah Lope, Kuningan","-6.9368604,108.4987824"
Wisata Bukit Kapur Mini Grand Canyon,Riau رياو,Pekanbaru,"Wisata Bukit Kapur Mini Grand Canyon, Pekanbaru","0.5009329,101.3548841"
Wisata Alam Pulau Cinta,Riau رياو,Kampar,"Wisata Alam Pulau Cinta, Kampar","0.3853294,101.4122158"
Pasar Seni Sukawati,Bali,Gianyar,Jalan Raya Sukawati,"-8.5962609,115.2824364"
Taman Nusa Bali,Bali,Gianyar,"Jl. Taman Bali – Banjarangkan, Banjar Blahpane Kelod, Desa Sidan, Sidan, Kec. Gianyar, Kabupaten Gianyar, Bali","-8.5309933,115.3595278"
Masjid Sumur Gumuling,Daerah Istimewa Yogyakarta,Kota Yogyakarta,"Masjid Sumur Gumuling, Kota Yogyakarta","-7.8087759,110.3592105"
Danau Batur,Bali,Bangli,"Danau Batur, Bangli","-8.2549847,115.40258"
Pantai Lengkuas,Kepulauan Bangka Belitung,Sumatera,"Pantai Lengkuas, Sumatera","-2.53723,107.6215372"
NAMA,PROVINSI,KABUPATEN/KOTA,ALAMAT,TITIK_KOORDINAT
Candi Kul Kul,DKI Jakarta,Daerah Khusus ibukota Jakarta,"Candi Kul Kul, Daerah Khusus ibukota Jakarta","-6.1219264,106.8393104"
Patung Ondel-ondel,DKI Jakarta,Daerah Khusus ibukota Jakarta,"Patung Ondel-ondel, Daerah Khusus ibukota Jakarta","-6.1599971,106.8517512"
Makam Shekh Mubarok,Banten,Kabupaten Tangerang,"Makam Shekh Mubarok, Kabupaten Tangerang","-6.2471225,106.4484787"
Hutan Wisata Mangroove Lantebung,Sulawesi Selatan,Makkasar,"Hutan Wisata Mangroove Lantebung, Sulawesi","-5.077014,119.4655973"
Wisata Warung Lesehan Pantai Marunda,DKI Jakarta,Daerah Khusus ibukota Jakarta,"Wisata Warung Lesehan Pantai Marunda, Daerah Khusus ibukota Jakarta","-6.0933382,106.9603846"
Candi Gunung Wukir,Jawa Tengah,Magelang ꦩꦒꦼꦭꦁ,"Candi Gunung Wukir, Magelang ꦩꦒꦼꦭꦁ","-7.6342417,110.2968186"
Candi Sojiwan,Jawa Tengah,Klaten ꦏ꧀ꦭꦠꦺꦤ꧀,"Candi Sojiwan, Klaten ꦏ꧀ꦭꦠꦺꦤ꧀","-7.7608885,110.4961263"
Candi Umbul,Jawa Tengah,Magelang ꦩꦒꦼꦭꦁ,"Candi Umbul, Magelang ꦩꦒꦼꦭꦁ","-7.359577,110.297108"
Air Terjun Telunjuk Raung,Jawa Timur,Banyuwangi ꦧꦚꦸꦮꦔꦶ,Songgon,"-8.1717934,114.1419868"
Patung Gandrung,Jawa Timur,Banyuwangi ꦧꦚꦸꦮꦔꦶ,"Patung Gandrung, Banyuwangi ꦧꦚꦸꦮꦔꦶ","-8.0923889,114.4155894"
Air Terjun Parang Ijo,Jawa Tengah,Karanganyar ꦏꦫꦁꦄꦚꦂ,"Air Terjun Parang Ijo, Karanganyar ꦏꦫꦁꦄꦚꦂ","-7.6218307,111.1340236"
Air Terjun Jumog,Jawa Tengah,Karanganyar ꦏꦫꦁꦄꦚꦂ,"Air Terjun Jumog, Karanganyar ꦏꦫꦁꦄꦚꦂ","-7.6312129,111.1269212"
Bukit Wisata Pulepayung,Daerah Istimewa Yogyakarta,Kulonprogo ꦏꦸꦭꦺꦴꦤ꧀ꦥꦿꦒ,"Bukit Wisata Pulepayung, Kulonprogo ꦏꦸꦭꦺꦴꦤ꧀ꦥꦿꦒ","-7.7999084,110.1234788"
Bukit Rhema (Chicken Church),Jawa Tengah,Magelang ꦩꦒꦼꦭꦁ,"Bukit Rhema (Chicken Church), Magelang ꦩꦒꦼꦭꦁ","-7.6056122,110.1805905"
Makam Abdul Wahid,Jawa Tengah,Salatiga ꦱꦭꦠꦶꦒ,"Makam Abdul Wahid, Salatiga ꦱꦭꦠꦶꦒ","-7.3566971,110.5237332"
Taman Sungai Mudal,Daerah Istimewa Yogyakarta,Kulonprogo ꦏꦸꦭꦺꦴꦤ꧀ꦥꦿꦒ,"Taman Sungai Mudal, Kulonprogo ꦏꦸꦭꦺꦴꦤ꧀ꦥꦿꦒ","-7.7628526,110.1164352"
Pemandian Air Panas Tirta Madu Barokah,Jawa Tengah,Magelang ꦩꦒꦼꦭꦁ,"Pemandian Air Panas Tirta Madu Barokah, Magelang ꦩꦒꦼꦭꦁ","-7.5696484,110.1875255"
Pemandian Air Panas Ngasinan,Jawa Tengah,Magelang ꦩꦒꦼꦭꦁ,"Pemandian Air Panas Ngasinan, Magelang ꦩꦒꦼꦭꦁ","-7.5687256,110.1875824"
Taman Air Kalibening,Jawa Tengah,Magelang ꦩꦒꦼꦭꦁ,"Taman Air Kalibening, Magelang ꦩꦒꦼꦭꦁ","-7.4233524,110.2208518"
Gunung Gajah,Daerah Istimewa Yogyakarta,Kulonprogo ꦏꦸꦭꦺꦴꦤ꧀ꦥꦿꦒ,"Gunung Gajah, Kulonprogo ꦏꦸꦭꦺꦴꦤ꧀ꦥꦿꦒ","-7.7229219,110.1274591"
Gunung Kotak,Jawa Timur,Ponorogo ꦥꦤꦫꦒ,"Gunung Kotak, Ponorogo ꦥꦤꦫꦒ","-8.0659411,111.4611707"
Candi Sewu,Jawa Tengah,Klaten ꦏ꧀ꦭꦠꦺꦤ꧀,"Candi Sewu, Klaten ꦏ꧀ꦭꦠꦺꦤ꧀","-7.7439189,110.4928841"
Pantai Glagah,Daerah Istimewa Yogyakarta,Kulonprogo ꦏꦸꦭꦺꦴꦤ꧀ꦥꦿꦒ,"Pantai Glagah, Kulonprogo ꦏꦸꦭꦺꦴꦤ꧀ꦥꦿꦒ","-7.9165301,110.0761782"
Pasar Triwindu,Jawa Tengah,Surakarta ꦱꦸꦫꦏꦂꦠ,"Pasar Triwindu, Surakarta ꦱꦸꦫꦏꦂꦠ","-7.5691863,110.8225492"
Candi Mendut,Jawa Tengah,Magelang ꦩꦒꦼꦭꦁ,"Candi Mendut, Magelang ꦩꦒꦼꦭꦁ","-7.6048141,110.2301192"
Candi Pawon,Jawa Tengah,Magelang ꦩꦒꦼꦭꦁ,"Candi Pawon, Magelang ꦩꦒꦼꦭꦁ","-7.6061281,110.2195602"
Candi Plaosan Lor,Jawa Tengah,Klaten ꦏ꧀ꦭꦠꦺꦤ꧀,"Candi Plaosan Lor, Klaten ꦏ꧀ꦭꦠꦺꦤ꧀","-7.7405467,110.5045521"
Candi Sukuh,Jawa Tengah,Karanganyar ꦏꦫꦁꦄꦚꦂ,"Candi Sukuh, Karanganyar ꦏꦫꦁꦄꦚꦂ","-7.6273152,111.1315373"
Candi Cetho,Jawa Tengah,Karanganyar ꦏꦫꦁꦄꦚꦂ,"Candi Cetho, Karanganyar ꦏꦫꦁꦄꦚꦂ","-7.5957362,111.1581311"
Pantai Grand Watu Dodol (GWK),Jawa Timur,Banyuwangi ꦧꦚꦸꦮꦔꦶ,"Pantai Grand Watu Dodol (GWK), Banyuwangi ꦧꦚꦸꦮꦔꦶ","-8.0874385,114.4165218"
Taman Burung Bali Bird Park,Bali,Gianyar,"Taman Burung Bali Bird Park, Gianyar","-8.6111344,115.2596437"
Kebun Binatang,Sumatera Utara ᯘᯮᯔᯖᯩᯒ ᯥᯖᯒ,Deli Serdang,"Kebun Binatang, Deli Serdang","3.4829802,98.6425527"
Taman Marga Satwa Kasang Kulim,Riau رياو,Kampar,Jalan Haji Usman,"0.4189627,101.4062602"
Taman Satwa Banjarmasin Bungas,Kalimantan Selatan,Banjarmasin,"Taman Satwa Banjarmasin Bungas, Banjarmasin","-3.3080067,114.6033845"
Tebing Keraton,Jawa Barat,Kabupaten Bandung,Kp. Ciharegem Puncak,"-6.8348584,107.6638952"
Tebing Makariki,Maluku,Maluku Tengah,"Tebing Makariki, Maluku Tengah","-3.2973863,129.5506074"
Objek Wisata Palawa',Sulawesi Selatan ᨔᨘᨒᨓᨙᨔᨗ ᨑᨗᨕᨈ,Toraja Utara,Jalan Palawa',"-2.9072964,119.9396894"
Taman Safari Indonesia Prigen,Jawa Timur,Pasuruan,"Taman Safari Indonesia Prigen, Pasuruan","-7.752837,112.667453"
Kebun Binatang Cikembulan,Jawa Barat,Cikembulan,"Taman Satwa Cikembulan
Kebun Binatang Cikembulan, Cikembulan","-7.0841178,107.9155195"
Objek Wisata Pagat,Kalimantan Selatan,Hulu Sungai Tengah,"Objek Wisata Pagat, Hulu Sungai Tengah","-2.6312068,115.4222506"
Tebing apparalang,Sulawesi Selatan ᨔᨘᨒᨓᨙᨔᨗ ᨑᨗᨕᨈ,Sulawesi,"Tebing apparalang, Sulawesi","-5.5421076,120.4502522"
TAMAN NASIONAL KUTAI,Kalimantan Timur,Kutai Timur,"TAMAN NASIONAL KUTAI, Kutai Timur","0.3720547,117.4774248"
Desa Wisata Pujon Kidul,Jawa Timur,Kabupaten Malang,Kawasan Wisata Cafe Sawah Desa Wisata Pujonkidul,"-7.8554189,112.4552895"
Taman Kupu-Kupu Gita Persada,Lampung,Bandar Lampung,"Taman Kupu-Kupu Gita Persada, Bandar Lampung","-5.420489,105.1864568"
Objek Wisata Penglipuran,Bali,Bangli,"Objek Wisata Penglipuran, Bangli","-8.4207841,115.3603416"
Objek Wisata Pemandian Air Panas Sukabumi,Jawa Barat,Sukabumi,"Objek Wisata Pemandian Air Panas Sukabumi, Sukabumi","-6.9759053,106.9131077"
Objek Wisata Nateh,Kalimantan Selatan,Hulu Sungai Tengah,"Objek Wisata Nateh, Hulu Sungai Tengah","-2.5202515,115.5532604"
Kebun Binatang Ragunan,DKI Jakarta,Daerah Khusus ibukota Jakarta,"Kebun Binatang Ragunan, Daerah Khusus ibukota Jakarta","-6.31141,106.8213861"
Kebun Binatang Bandung,Jawa Barat,Kota Bandung,Jalan Taman Sari,"-6.8910285,107.6068745"
Kebun Binatang Gembira Loka,Daerah Istimewa Yogyakarta,Kota Yogyakarta,Jalan Kebun Raya,"-7.8056293,110.3962489"
Objek Wisata Danau Kerinci,Jambi,Kerinci,"Objek Wisata Danau Kerinci, Kerinci","-2.1268844,101.5225984"
Kebun Raya Gift Shop,Jawa Barat,Bogor,"Kebun Raya Gift Shop, Bogor","-6.6021245,106.7979633"
Taman Eks. Kandang Rusa,Jawa Barat,Depok ᮓᮦᮕᮧᮊ᮪,"Taman Eks. Kandang Rusa, Depok ᮓᮦᮕᮧᮊ᮪","-6.360509,106.8306266"
Kebun Binatang Surabaya,Jawa Timur,Surabaya,Jalan Setail,"-7.2957633,112.7364417"
Kebun Binatang,Maluku Utara,Halmahera Barat,"Kebun Binatang, Halmahera Barat","0.8905066,127.495703"
Kebun Binatang Mini,Kalimantan Timur,Samarinda,"Kebun Binatang Mini, Samarinda","-0.447013,117.2089584"
Taman Rimbo,Jambi,Jambi,"Taman Rimbo, Jambi","-1.6266271,103.6459928"
Taman Margasatwa Semarang,Jawa Tengah,Kota Semarang,Jalan Jend. Urip Sumoharjo,"-6.9703676,110.2884093"
Kebun Binatang Mini,Kepulauan Riau كڤولاوان رياو,Batam,"Kebun Binatang Mini, Batam","1.1602439,104.0365775"
Taman rusa (Chital Deer) Pacific Palace Hotel,Kepulauan Riau كڤولاوان رياو,Batam,Jl.Duyung,"1.152524,104.0011387"
Temple Zoo,Jawa Tengah,Klaten ꦏ꧀ꦭꦠꦺꦤ꧀,"Temple Zoo, Klaten ꦏ꧀ꦭꦠꦺꦤ꧀","-7.7513693,110.4947172"
Bukittinggi Kinantan Zoo,Sumatera Barat,Bukittinggi,"Bukittinggi Kinantan Zoo, Bukittinggi","-0.3006825,100.3689694"
Desa Wisata Wayang Dukuh Butuh,Jawa Tengah,Klaten ꦏ꧀ꦭꦠꦺꦤ꧀,"Desa Wisata Wayang Dukuh Butuh, Klaten ꦏ꧀ꦭꦠꦺꦤ꧀","-7.6444066,110.794753"
nama,provinsi,kabupaten_kota,alamat,titik_koordinat
Art & Craft Market,,Daerah Khusus ibukota Jakarta,"Art & Craft Market, Daerah Khusus ibukota Jakarta","-6.1265697,106.8391335"
Mekarsari Amazing Tourism Park,Jawa Barat,Kab Bogor,"Mekarsari Amazing Tourism Park, Kab Bogor","-6.4116044,106.9879952"
Suranadi,Nusa Tenggara Barat,Lombok Barat,"Suranadi, Lombok Barat","-8.5697426,116.2325988"
Sade Sasak Village,Nusa Tenggara Barat,Lombok Tengah,"Sade Sasak Village, Lombok Tengah","-8.8393994,116.2921904"
Lebakjero,Jawa Barat,Karangtengah,"Lebakjero, Karangtengah","-7.0536592,107.8939791"
Fort de Kock,Sumatera Barat,Bukittinggi,"Fort de Kock, Bukittinggi","-0.3004251,100.3677425"
Batam Cable Ski,Kepulauan Riau كڤولاوان رياو,Batam,"Batam Cable Ski, Batam","1.0802732,103.9378048"
Dungus Iwul Nature reserve,Jawa Barat,Kab Bogor,"Dungus Iwul Nature reserve, Kab Bogor","-6.5231753,106.4182127"
Bali Butterfly Park,Bali,Tabanan,"Bali Butterfly Park, Tabanan","-8.4794589,115.1346292"
Londa,Sulawesi Selatan ᨔᨘᨒᨓᨙᨔᨗ ᨑᨗᨕᨈ,Toraja Utara,"Londa, Toraja Utara","-3.0149146,119.875886"
Lemo,Sulawesi Selatan ᨔᨘᨒᨓᨙᨔᨗ ᨑᨗᨕᨈ,Tana Toraja,"Lemo, Tana Toraja","-3.0414168,119.8775871"
Batak King Grave,Sumatera Utara ᯘᯮᯔᯖᯩᯒ ᯥᯖᯒ,Samosir,"Batak King Grave, Samosir","2.6513584,98.860585"
Batak Village,Sumatera Utara ᯘᯮᯔᯖᯩᯒ ᯥᯖᯒ,Karo,"Batak Village, Karo","3.0177828,98.5517161"
Volcanic Sulpher,Sumatera Utara ᯘᯮᯔᯖᯩᯒ ᯥᯖᯒ,Tapanuli Utara,"Volcanic Sulpher, Tapanuli Utara","2.074709,98.9443949"
Hotspring,Sumatera Barat,Pasaman,"Hotspring, Pasaman","0.3477409,100.0684762"
Real Equator crossing,Sumatera Barat,Pasaman,"Real Equator crossing, Pasaman","-3e-07,100.2202403"
War Memorial,Sumatera Barat,Pasaman,"War Memorial, Pasaman","0.1005045,100.1904734"
Weaving Workshop,Sumatera Barat,Tanah Datar,"Weaving Workshop, Tanah Datar","-0.4037541,100.3946662"
Eka Lokasari,Jawa Barat,Bogor,"Eka Lokasari, Bogor","-6.6218886,106.8174702"
Paintball,Bali,Badung,"Paintball, Badung","-8.8177858,115.1638782"
Pura Susunan Wadonan,Bali,Denpasar ᬤᬾᬦ᭄ᬧᬲᬃ,"Pura Susunan Wadonan, Denpasar ᬤᬾᬦ᭄ᬧᬲᬃ","-8.7401106,115.2371004"
Hot Springs,Jawa Barat,Subang,"Hot Springs, Subang","-6.7614313,107.6259079"
Cirahayu,Jawa Barat,Tasikmalaya,"Cirahayu, Tasikmalaya","-7.1344559,108.1181141"
Ciawi,Jawa Barat,Tasikmalaya,"Ciawi, Tasikmalaya","-7.1573957,108.1457184"
Bumiwaluya,Jawa Barat,Garut,"Bumiwaluya, Garut","-7.0587259,108.0705853"
Leuwigoong,Jawa Barat,Sindangsari,"Leuwigoong, Sindangsari","-7.1033308,107.9581854"
Indihiang,Jawa Barat,Tasikmalaya,"Indihiang, Tasikmalaya","-7.2867472,108.200856"
Rajapolah,Jawa Barat,Tasikmalaya,"Rajapolah, Tasikmalaya","-7.2195734,108.1911804"
Manonjaya,Jawa Barat,Tasikmalaya,"Manonjaya, Tasikmalaya","-7.3532178,108.3026508"
Tasikmalaya,Jawa Barat,Tasikmalaya,"Tasikmalaya, Tasikmalaya","-7.3222315,108.2239381"
Kasugihan,Jawa Tengah,Cilacap ꦕꦶꦭꦕꦥ꧀,"Kasugihan, Cilacap ꦕꦶꦭꦕꦥ꧀","-7.6183957,109.12172"
Kalibodri,Jawa Tengah,Kendal ꦏꦼꦤ꧀ꦢꦭ꧀,"Kalibodri, Kendal ꦏꦼꦤ꧀ꦢꦭ꧀","-6.9737031,110.1481776"
Tanggung,Jawa Tengah,Grobogan ꦒꦿꦺꦴꦧꦺꦴꦒꦤ꧀,"Tanggung, Grobogan ꦒꦿꦺꦴꦧꦺꦴꦒꦤ꧀","-7.0914907,110.6032465"
Ijo,Jawa Tengah,Kebumen ꦏꦼꦧꦸꦩꦺꦤ꧀,"Ijo, Kebumen ꦏꦼꦧꦸꦩꦺꦤ꧀","-7.6150095,109.4469228"
Hollywood sign,Maluku,Maluku,"Hollywood sign, Maluku","-3.7554641,128.1298713"
Tenganan Pegringsingan,Bali,Karangasem,"Tenganan Pegringsingan, Karangasem","-8.4746834,115.5666957"
Monkey Feeding area,Nusa Tenggara Timur,Ende,"Monkey Feeding area, Ende","-8.7689753,121.8140631"
Kebonromo,Jawa Tengah,Sragen,"Kebonromo, Sragen","-7.4190235,111.0639984"
Geneng,Jawa Timur,Ngawi ꦔꦮꦶ,"Geneng, Ngawi ꦔꦮꦶ","-7.4981245,111.4188298"
Kalisat,Jawa Timur,Jember,"Kalisat, Jember","-8.1268771,113.8123498"
Peterongan,Jawa Timur,Jombang,"Peterongan, Jombang","-7.5417187,112.279445"
Sembung,Jawa Timur,Jombang,"Sembung, Jombang","-7.5825814,112.1671585"
Tulangan,Jawa Timur,Sidoarjo,"Tulangan, Sidoarjo","-7.4655613,112.6510185"
Stone Chairs of Ambarita,Sumatera Utara ᯘᯮᯔᯖᯩᯒ ᯥᯖᯒ,Samosir,"Stone Chairs of Ambarita, Samosir","2.6788239,98.8365415"
Kantor Sinode GMIM,Sulawesi Utara,Tomohon,"Kantor Sinode GMIM, Tomohon","1.3347564,124.8374226"
Auditorium Bukit Inspirasi,Sulawesi Utara,Tomohon,"Auditorium Bukit Inspirasi, Tomohon","1.3378463,124.837796"
Hot springs,Sulawesi Utara,Sulawesi,"Hot springs, Sulawesi","1.1668971,124.8207836"
Melapi 1,Kalimantan Barat,Kapuas Hulu,"Melapi 1, Kapuas Hulu","0.8197857,112.9772849"
Rumah Panjang Bali Gundi,Kalimantan Barat,Kapuas Hulu,"Rumah Panjang Bali Gundi, Kapuas Hulu","0.96275,112.9336293"
Sungai Uluk Palin,Kalimantan Barat,Kapuas Hulu,"Sungai Uluk Palin, Kapuas Hulu","1.051663,112.7819164"
Tegenungan Blangsinga,Bali,Gianyar,"Tegenungan Blangsinga, Gianyar","-8.5752294,115.2907014"
Bonsai Trees,Nusa Tenggara Timur,Timor Tengah Selatan,"Bonsai Trees, Timor Tengah Selatan","-9.6321435,124.2146462"
Start Gunung Mutis Track,Nusa Tenggara Timur,Timor Tengah Selatan,"Start Gunung Mutis Track, Timor Tengah Selatan","-9.6102597,124.2238294"
Old Fort,Nusa Tenggara Timur,Timor Tengah Selatan,"Old Fort, Timor Tengah Selatan","-9.8333073,124.4127096"
Burial caves Londa,Sulawesi Selatan ᨔᨘᨒᨓᨙᨔᨗ ᨑᨗᨕᨈ,Toraja Utara,"Burial caves Londa, Toraja Utara","-3.0161556,119.8764741"
Natural swimming pool,Sulawesi Selatan ᨔᨘᨒᨓᨙᨔᨗ ᨑᨗᨕᨈ,Tana Toraja,"Natural swimming pool, Tana Toraja","-3.0350765,119.8874864"
Mud Wells,Nusa Tenggara Timur,Kupang,"Mud Wells, Kupang","-10.2065664,123.4099801"
Tempat Pasola,Nusa Tenggara Timur,Sumba Barat,"Tempat Pasola, Sumba Barat","-9.7410705,119.3295542"
Stasiun Tas,Jawa Barat,Bogor,"Stasiun Tas, Bogor","-6.6186481,106.8213525"
Japanese Cave,Sulawesi Utara,Sulawesi,"Japanese Cave, Sulawesi","1.2041396,124.8075258"
Japanese Cave,Sulawesi Utara,Sulawesi,"Japanese Cave, Sulawesi","1.3269041,124.9252742"
Kampoeng Wisata Cinangneng,Jawa Barat,Kab Bogor,"Kampoeng Wisata Cinangneng, Kab Bogor","-6.5281254,106.7293438"
Batu Tulis,Nusa Tenggara Barat,,"Batu Tulis, ","-8.4457729,118.5327377"
Marcopolo Water Adventure,Jawa Barat,Bogor,Jalan Bukit Cimanggu City Raya,"-6.5478286,106.7826037"
Air Ball Water Battle,Jawa Barat,Bogor,"Air Ball Water Battle, Bogor","-6.6226185,106.8211453"
Dunebuggy Racetrack,Jawa Barat,Bogor,"Dunebuggy Racetrack, Bogor","-6.6228783,106.8221275"
Zipline,Jawa Barat,Bogor,"Zipline, Bogor","-6.6227539,106.8219383"
Lido Lakes,Jawa Barat,Kab Bogor,"Lido Lakes, Kab Bogor","-6.7422165,106.8082907"
Pondok Mao,Jawa Barat,Kab Sukabumi,"Pondok Mao, Kab Sukabumi","-6.7676726,106.7781399"
Javana Spa,Jawa Barat,Kab Sukabumi,"Javana Spa, Kab Sukabumi","-6.74386,106.7155744"
Bogor Golf,Jawa Barat,Bogor,"Bogor Golf, Bogor","-6.5868125,106.7825678"
SKI,Jawa Barat,Bogor,"SKI, Bogor","-6.6219242,106.8197168"
Karimun Jawa Mangrove Tracking,Jawa Tengah,Jepara ꦗꦼꦥꦫ,"Karimun Jawa Mangrove Tracking, Jepara ꦗꦼꦥꦫ","-5.8277199,110.4676826"
SD Perumnas,Daerah Istimewa Yogyakarta,Sleman,"SD Perumnas, Sleman","-7.7567811,110.4072218"
Nanga Na'e,Nusa Tenggara Barat,,"Nanga Na'e, ","-8.2480223,117.7191662"
Diving Spot,,Daerah Khusus ibukota Jakarta,"Diving Spot, Daerah Khusus ibukota Jakarta","-5.7374257,106.6148005"
Diving Spot,,Daerah Khusus ibukota Jakarta,"Diving Spot, Daerah Khusus ibukota Jakarta","-5.7381859,106.5909032"
Diving Spot,,Daerah Khusus ibukota Jakarta,"Diving Spot, Daerah Khusus ibukota Jakarta","-5.7389038,106.6207854"
Diving Spot,,Daerah Khusus ibukota Jakarta,"Diving Spot, Daerah Khusus ibukota Jakarta","-5.7393262,106.6197667"
Diving Spot,,Daerah Khusus ibukota Jakarta,"Diving Spot, Daerah Khusus ibukota Jakarta","-5.7457879,106.5892053"
Diving Spot,,Daerah Khusus ibukota Jakarta,"Diving Spot, Daerah Khusus ibukota Jakarta","-5.7478151,106.6018119"
Diving Spot,,Daerah Khusus ibukota Jakarta,"Diving Spot, Daerah Khusus ibukota Jakarta","-5.7505602,106.6094098"
Obyek Pariwisata Benteng portugis,Jawa Tengah,Jepara ꦗꦼꦥꦫ,"Obyek Pariwisata Benteng portugis, Jepara ꦗꦼꦥꦫ","-6.4052482,110.9171077"
PLTD Apung,Aceh اچيه,Banda Aceh,"PLTD Apung, Banda Aceh","5.5463878,95.3067753"
Tsunami Monument,Aceh اچيه,Banda Aceh,"Tsunami Monument, Banda Aceh","5.5503658,95.3127972"
Situ Cangkuang,Jawa Barat,Cangkuang,"Situ Cangkuang, Cangkuang","-7.1011174,107.9193021"
Trawangan Wall,Nusa Tenggara Barat,Kec. Ampenan,"Trawangan Wall, Kec. Ampenan","-8.3465756,116.0436158"
Tanjong Trekking Advanture,Jawa Tengah,Jepara ꦗꦼꦥꦫ,"Tanjong Trekking Advanture, Jepara ꦗꦼꦥꦫ","-5.7725371,110.4833865"
PT Toarco Jaya Coffee,Sulawesi Selatan ᨔᨘᨒᨓᨙᨔᨗ ᨑᨗᨕᨈ,Toraja Utara,"PT Toarco Jaya Coffee, Toraja Utara","-3.0221125,119.9780295"
Sa'dan,Sulawesi Selatan ᨔᨘᨒᨓᨙᨔᨗ ᨑᨗᨕᨈ,Toraja Utara,"Sa'dan, Toraja Utara","-2.881958,119.9444462"
Bolu - buffalo market,Sulawesi Selatan ᨔᨘᨒᨓᨙᨔᨗ ᨑᨗᨕᨈ,Toraja Utara,"Bolu - buffalo market, Toraja Utara","-2.9611685,119.9117677"
Tapak Paderi,Bengkulu,Bengkulu,"Tapak Paderi, Bengkulu","-3.7850619,102.2533746"
Friends of the National Parks Foundation,Bali,Klungkung,"Friends of the National Parks Foundation, Klungkung","-8.675884,115.5104987"
USAT Liberty Wreck,Bali,Karangasem,"USAT Liberty Wreck, Karangasem","-8.2739054,115.5926122"
Surfing Kuta Area,Nusa Tenggara Barat,Kec. Sandubaya,"Surfing Kuta Area, Kec. Sandubaya","-8.9130039,116.3062469"
Pelabuhan Rivercruises,Nusa Tenggara Barat,Lombok Barat,"Pelabuhan Rivercruises, Lombok Barat","-8.5489038,116.079897"
Bat Cave,Sumatera Utara ᯘᯮᯔᯖᯩᯒ ᯥᯖᯒ,Langkat,"Bat Cave, Langkat","3.5364676,98.1243094"
Manta Point,Bali,Klungkung,"Manta Point, Klungkung","-8.7947861,115.5259217"
Desert Point Surf Break,Nusa Tenggara Barat,Kec. Sekarbela,"Desert Point Surf Break, Kec. Sekarbela","-8.7300277,115.8366613"
Underwater Shrine,Bali,Karangasem,"Underwater Shrine, Karangasem","-8.3376207,115.6610709"
University of Indonesia Wood,Jawa Barat,Depok ᮓᮦᮕᮧᮊ᮪,"University of Indonesia Wood, Depok ᮓᮦᮕᮧᮊ᮪","-6.3560403,106.8293001"
Old Minang houses,Sumatera Barat,Tanah Datar,"Old Minang houses, Tanah Datar","-0.4665919,100.5699849"
Pacu Jawi grounds,Sumatera Barat,Tanah Datar,"Pacu Jawi grounds, Tanah Datar","-0.4298146,100.5413604"
lots of traditional houses,Sumatera Barat,Tanah Datar,"lots of traditional houses, Tanah Datar","-0.4346639,100.551424"
Gunongan,Aceh اچيه,Banda Aceh,"Gunongan, Banda Aceh","5.5458061,95.3162249"
Feeding Cam Lakey,Kalimantan Tengah,Kotawaringin Barat,"Feeding Cam Lakey, Kotawaringin Barat","-2.7650718,111.9529234"
Pusat Latihan Gajah Riau,Riau رياو,Siak,"Pusat Latihan Gajah Riau, Siak","0.7234307,101.4116627"
Tip Top,Sumatera Utara ᯘᯮᯔᯖᯩᯒ ᯥᯖᯒ,Kota Medan ᯔᯩᯑᯉ᯲,Ahmad Yani d/h Kesawan,"3.5860671,98.6796301"
Sendang Biru,Jawa Timur,Kabupaten Malang,"Sendang Biru, Kabupaten Malang","-8.4313499,112.686289"
Old grave ompu raja rosuhul sihaloho,Sumatera Utara ᯘᯮᯔᯖᯩᯒ ᯥᯖᯒ,Samosir,"Old grave ompu raja rosuhul sihaloho, Samosir","2.749414,98.7500427"
Anugrah Sibayak Hot Spring,Sumatera Utara ᯘᯮᯔᯖᯩᯒ ᯥᯖᯒ,Karo,"Anugrah Sibayak Hot Spring, Karo","3.2241149,98.5148257"
Blue Lagoon,Daerah Istimewa Yogyakarta,Sleman,"Blue Lagoon, Sleman","-7.7043799,110.4503884"
Artist Village,Sumatera Barat,Tanah Datar,"Artist Village, Tanah Datar","-0.4029214,100.3959397"
Rumah Pengasingan Cut Nyak Dien,Jawa Barat,Sumedang,"Rumah Pengasingan Cut Nyak Dien, Sumedang","-6.8591397,107.9188398"
Pangeran Kornel,Jawa Barat,Sumedang,"Pangeran Kornel, Sumedang","-6.852971,107.921424"
Mumi Jiwika,Papua Pegunungan,Jayawijaya,"Mumi Jiwika, Jayawijaya","-3.9637152,138.9462252"
Gilisui,Sulawesi Selatan ᨔᨘᨒᨓᨙᨔᨗ ᨑᨗᨕᨈ,Sulawesi,"Gilisui, Sulawesi","-7.3016874,121.7038397"
Ke'te Kesu,Sulawesi Selatan ᨔᨘᨒᨓᨙᨔᨗ ᨑᨗᨕᨈ,Toraja Utara,"Ke'te Kesu, Toraja Utara","-2.9966445,119.9102631"
Rafflesia Arnold flower,Sumatera Barat,Agam,"Rafflesia Arnold flower, Agam","-0.2452502,100.3497146"
Stone Chairs,Sumatera Utara ᯘᯮᯔᯖᯩᯒ ᯥᯖᯒ,Samosir,"Stone Chairs, Samosir","2.6769141,98.8396307"
Hot Spring,Sumatera Utara ᯘᯮᯔᯖᯩᯒ ᯥᯖᯒ,Karo,"Hot Spring, Karo","3.2246365,98.5158122"
Kopi Aroma,Jawa Barat,Kota Bandung,"Kopi Aroma, Kota Bandung","-6.9174718,107.6062699"
Coco Wayan,Bali,Gianyar,"Coco Wayan, Gianyar","-8.501085,115.261803"
Jantur Gemuruh,Kalimantan Timur,Kutai Barat,"Jantur Gemuruh, Kutai Barat","-0.29419,115.7397364"
Kawasan Konservasi Manggrove,Kalimantan Timur,Balikpapan,"Kawasan Konservasi Manggrove, Balikpapan","-1.2266716,116.8241833"
Api Tak Kunjung Padam,Jawa Timur,Pamekasan,"Api Tak Kunjung Padam, Pamekasan","-7.2048734,113.4610372"
Canoe Rental,Bali,Badung,"Canoe Rental, Badung","-8.8455531,115.1856267"
Surau Nagari,Sumatera Barat,Tanah Datar,"Surau Nagari, Tanah Datar","-0.4777924,100.4585767"
Dermaga Ngebel,Jawa Timur,Ponorogo ꦥꦤꦫꦒ,"Dermaga Ngebel, Ponorogo ꦥꦤꦫꦒ","-7.7921728,111.636361"
AlamSari Agrotourism,Bali,Gianyar,"AlamSari Agrotourism, Gianyar","-8.5895526,115.2536751"
The Only One silver crafts,Bali,Gianyar,"The Only One silver crafts, Gianyar","-8.633763,115.2588957"
Manta Point,Papua Barat Daya,Raja Ampat,"Manta Point, Raja Ampat","-0.5809433,130.5409632"
Mata Air Garam,Papua Pegunungan,Jayawijaya,"Mata Air Garam, Jayawijaya","-3.9525176,138.9598215"
Wooden House Factory,Sulawesi Utara,Tomohon,"Wooden House Factory, Tomohon","1.3183539,124.8218999"
Monkey forest,Aceh اچيه,Sabang,"Monkey forest, Sabang","5.8391903,95.2824481"
Elephant camp,Sumatera Utara ᯘᯮᯔᯖᯩᯒ ᯥᯖᯒ,Langkat,"Elephant camp, Langkat","3.6963282,98.0691255"
tiu pupus waterfall,Nusa Tenggara Barat,Lombok Utara,"tiu pupus waterfall, Lombok Utara","-8.3395991,116.2188563"
Elephant wash riding & river,Sumatera Utara ᯘᯮᯔᯖᯩᯒ ᯥᯖᯒ,Langkat,"Elephant wash riding & river, Langkat","3.6862014,98.0750961"
PLTD Apung Entrance,Aceh اچيه,Banda Aceh,"PLTD Apung Entrance, Banda Aceh","5.5462935,95.3064385"
Pelabuhan Simanindo,Sumatera Utara ᯘᯮᯔᯖᯩᯒ ᯥᯖᯒ,Sumatera,"Pelabuhan Simanindo, Sumatera","2.7543596,98.7458933"
Huta Raja,Sumatera Utara ᯘᯮᯔᯖᯩᯒ ᯥᯖᯒ,Samosir,"Huta Raja, Samosir","2.6638815,98.6890994"
Batu Sawan,Sumatera Utara ᯘᯮᯔᯖᯩᯒ ᯥᯖᯒ,Samosir,"Batu Sawan, Samosir","2.5900426,98.6467775"
Batu Parhusipan Si Boru Pareme,Sumatera Utara ᯘᯮᯔᯖᯩᯒ ᯥᯖᯒ,Samosir,"Batu Parhusipan Si Boru Pareme, Samosir","2.5884532,98.6327074"
Kubah Lava Dasirik,Sumatera Utara ᯘᯮᯔᯖᯩᯒ ᯥᯖᯒ,Samosir,"Kubah Lava Dasirik, Samosir","2.5914113,98.6295012"
Batu Hobon,Sumatera Utara ᯘᯮᯔᯖᯩᯒ ᯥᯖᯒ,Samosir,"Batu Hobon, Samosir","2.5901259,98.629086"
Hotspring,Sumatera Utara ᯘᯮᯔᯖᯩᯒ ᯥᯖᯒ,Samosir,"Hotspring, Samosir","2.6190343,98.6738737"
Tano Ponggol,Sumatera Utara ᯘᯮᯔᯖᯩᯒ ᯥᯖᯒ,Sumatera,"Tano Ponggol, Sumatera","2.6113319,98.6919563"
Sopo Guru Tatea Bulan,Sumatera Utara ᯘᯮᯔᯖᯩᯒ ᯥᯖᯒ,Samosir,"Sopo Guru Tatea Bulan, Samosir","2.5918944,98.6306133"
Open Stage,Sumatera Utara ᯘᯮᯔᯖᯩᯒ ᯥᯖᯒ,Samosir,"Open Stage, Samosir","2.6085271,98.6971395"
Batu Guru,Sumatera Utara ᯘᯮᯔᯖᯩᯒ ᯥᯖᯒ,Sumatera,"Batu Guru, Sumatera","2.4354878,98.915736"
Latihan Paralayang,Sumatera Utara ᯘᯮᯔᯖᯩᯒ ᯥᯖᯒ,Samosir,"Latihan Paralayang, Samosir","2.6177456,98.8713566"
Pulau Malau,Sumatera Utara ᯘᯮᯔᯖᯩᯒ ᯥᯖᯒ,Sumatera,"Pulau Malau, Sumatera","2.7580633,98.7436808"
Air Panas Angseri,Bali,Tabanan,"Air Panas Angseri, Tabanan","-8.3555514,115.156705"
Tanjung Api (natural fire),Sulawesi Tengah,Tojo Una-Una,"Tanjung Api (natural fire), Tojo Una-Una","-0.8154928,121.6223001"
Ship hull,Bali,Badung,"Ship hull, Badung","-8.8445728,115.1082023"
Ship hull,Bali,Badung,"Ship hull, Badung","-8.8448326,115.1088034"
Nglirip waterfall,Jawa Timur,Tuban,"Nglirip waterfall, Tuban","-6.9683533,111.7940445"
Sunrise Point,Bali,Bangli,"Sunrise Point, Bangli","-8.2407236,115.3796729"
Bakas Adventure,Bali,Klungkung,"Bakas Adventure, Klungkung","-8.5204563,115.3585837"
Harbor: Boat Trips to Cilacap,Jawa Barat,Pangandaran,Ciamis Regency,"-7.6395955,108.7544496"
Surfspot Batu Karas,Jawa Barat,Jawa,Jalan Raya Cijulang,"-7.7488814,108.5012161"
Kuta Horses,Nusa Tenggara Barat,Lombok Tengah,Jalan Bypass,"-8.8926872,116.2899031"
bird market,Daerah Istimewa Yogyakarta,Kota Yogyakarta,"bird market, Kota Yogyakarta","-7.8246758,110.3548719"
Aregoling Beach,Nusa Tenggara Barat,Kec. Sandubaya,"Aregoling Beach, Kec. Sandubaya","-8.9016972,116.2110956"
surf beach,Nusa Tenggara Barat,Kec. Sandubaya,"surf beach, Kec. Sandubaya","-8.9036295,116.2466265"
Kambira baby graves,Sulawesi Selatan ᨔᨘᨒᨓᨙᨔᨗ ᨑᨗᨕᨈ,Tana Toraja,"Kambira baby graves, Tana Toraja","-3.0825477,119.9176282"
Turtle Snorkeling Spot,Nusa Tenggara Barat,Kec. Ampenan,"Turtle Snorkeling Spot, Kec. Ampenan","-8.3401179,116.0419493"
Nini Fala,Maluku,Maluku Tengah,"Nini Fala, Maluku Tengah","-3.2699433,129.5527377"
Surf Break,Nusa Tenggara Barat,Kec. Ampenan,"Surf Break, Kec. Ampenan","-8.3612416,116.0403416"
Walk Path,Daerah Istimewa Yogyakarta,Kota Yogyakarta,"Walk Path, Kota Yogyakarta","-7.7951105,110.3561224"
Mystical neverland Bat cave,Nusa Tenggara Barat,Lombok Tengah,"Mystical neverland Bat cave, Lombok Tengah","-8.88967,116.2547691"
Coconuts Beach,Papua Barat,Western New Guinea,"Coconuts Beach, Western New Guinea","-2.4228689,134.2266883"
"Batupapan, rock layers beack",Papua,Western New Guinea,"Batupapan, rock layers beack, Western New Guinea","-2.2053977,136.4217401"
Sea village,Papua Barat,Western New Guinea,"Sea village, Western New Guinea","-2.7313835,134.5100363"
Danger Waves Sign!,Papua,Kepulauan Yapen,"Danger Waves Sign!, Kepulauan Yapen","-1.8902681,136.2391831"
Small Sea Village,Papua,Western New Guinea,"Small Sea Village, Western New Guinea","-1.892271,136.2375262"
Waves escape sign!,Papua,Kepulauan Yapen,"Waves escape sign!, Kepulauan Yapen","-1.8917206,136.2368703"
"Pigeons Holes, actual pigeons",Papua,Kepulauan Yapen,"Pigeons Holes, actual pigeons, Kepulauan Yapen","-1.8906527,136.2376583"
"Crafts, mini row boats, Traditional Snake Drums",Papua,Kepulauan Yapen,"Crafts, mini row boats, Traditional Snake Drums, Kepulauan Yapen","-1.8909602,136.2374733"
Lotus Lagoon,Bali,Karangasem,"Lotus Lagoon, Karangasem","-8.510924,115.5723731"
Old WWII plane hangars converted into houses,Papua,Biak Numfor,"Old WWII plane hangars converted into houses, Biak Numfor","-1.1830739,136.0780758"
Wandos Mangled Forested Boat Beach,Papua,Supiori,"Wandos Mangled Forested Boat Beach, Supiori","-0.7127577,135.7870431"
Coconuts beach,Papua,Western New Guinea,"Coconuts beach, Western New Guinea","-0.6900469,135.8259402"
Beautiful Small Coconuts  Bay,Papua,Western New Guinea,"Beautiful Small Coconuts  Bay, Western New Guinea","-0.8145005,135.9781691"
Marluia peninsula ,Papua,Western New Guinea,"Marluia peninsula , Western New Guinea","-0.8226892,135.999701"
"Rock mountain on the beach, giant coconut crabs here",Papua,Western New Guinea,"Rock mountain on the beach, giant coconut crabs here, Western New Guinea","-0.6923431,135.8310478"
Nice sand band river beach bay,Papua,Biak Numfor,"Nice sand band river beach bay, Biak Numfor","-0.8592687,136.0358829"
Postcard Coconuts Beach,Papua,Western New Guinea,"Postcard Coconuts Beach, Western New Guinea","-0.7274017,135.7651482"
Galugu Dua Weaving Village,Sulawesi Selatan ᨔᨘᨒᨓᨙᨔᨗ ᨑᨗᨕᨈ,Toraja Utara,"Galugu Dua Weaving Village, Toraja Utara","-2.8872927,119.9419791"
Fort Otanaha,Gorontalo,Gorontalo,"Fort Otanaha, Gorontalo","0.5486012,123.0083498"
Air Panas,Kalimantan Selatan,Hulu Sungai Selatan,"Air Panas, Hulu Sungai Selatan","-2.7915812,115.4526164"
Old WWII hangar,Papua,Biak Numfor,"Old WWII hangar, Biak Numfor","-1.1994567,136.1396204"
Bosnik beach,Papua,Biak Numfor,"Bosnik beach, Biak Numfor","-1.1711652,136.2368743"
Feeding Pondok Tangui,Kalimantan Tengah,Kotawaringin Barat,"Feeding Pondok Tangui, Kotawaringin Barat","-2.7942353,111.8821314"
Tanjung Harapan,Kalimantan Tengah,Kotawaringin Barat,"Tanjung Harapan, Kotawaringin Barat","-2.8331522,111.798079"
Big traditional house,Papua,Biak Numfor,"Big traditional house, Biak Numfor","-1.1970246,136.1446488"
Lapangan Volly,Bali,Karangasem,Pekarangan,"-8.487342,115.5469947"
3 WWII rusty tanks,Papua,Jayapura,"3 WWII rusty tanks, Jayapura","-2.5715447,140.7091924"
Dream point,Bali,Lembongan,"Dream point, Lembongan","-8.7030199,115.4397315"
Kuta beach,Nusa Tenggara Barat,Kec. Sandubaya,"Kuta beach, Kec. Sandubaya","-8.8938058,116.2813227"
Mawun Beach,Nusa Tenggara Barat,Lombok Tengah,"Mawun Beach, Lombok Tengah","-8.900352,116.2278379"
Tangkuban Perahu,Jawa Barat,Subang,Jalan Raya Lembang - Subang,"-6.7742798,107.6361233"
Situ Patengan,Jawa Barat,Kabupaten Bandung,Jalan Raya Ciwidey - Rancabali,"-7.1637986,107.3590194"
Underwater Volcano,Aceh اچيه,Sumatera,"Underwater Volcano, Sumatera","5.8408924,95.2875439"
YD9XRI,Papua Selatan,Asmat,Nusantara,"-5.5412133,138.1421821"
Air Panas Ginting,Sumatera Utara ᯘᯮᯔᯖᯩᯒ ᯥᯖᯒ,Karo,"Air Panas Ginting, Karo","3.224519,98.5141216"
Pariban Hotspring,Sumatera Utara ᯘᯮᯔᯖᯩᯒ ᯥᯖᯒ,Karo,"Pariban Hotspring, Karo","3.2256196,98.5117416"
Motor Rental,Nusa Tenggara Timur,Ende,"Motor Rental, Ende","-8.8474716,121.661447"
Alam Pesona,Sumatera Utara ᯘᯮᯔᯖᯩᯒ ᯥᯖᯒ,Karo,"Alam Pesona, Karo","3.221205,98.5154981"
Alam Sibayak,Sumatera Utara ᯘᯮᯔᯖᯩᯒ ᯥᯖᯒ,Karo,"Alam Sibayak, Karo","3.2228626,98.5136555"
Juana,Sumatera Utara ᯘᯮᯔᯖᯩᯒ ᯥᯖᯒ,Karo,"Juana, Karo","3.2234196,98.5141878"
La Megogo,Sumatera Utara ᯘᯮᯔᯖᯩᯒ ᯥᯖᯒ,Karo,"La Megogo, Karo","3.2239579,98.5140699"
Maka Berena,Sumatera Utara ᯘᯮᯔᯖᯩᯒ ᯥᯖᯒ,Karo,"Maka Berena, Karo","3.2237129,98.5141557"
Purnamas,Sumatera Utara ᯘᯮᯔᯖᯩᯒ ᯥᯖᯒ,Karo,"Purnamas, Karo","3.2231385,98.5141986"
Rindu Alam,Sumatera Utara ᯘᯮᯔᯖᯩᯒ ᯥᯖᯒ,Karo,"Rindu Alam, Karo","3.2243315,98.5138425"
Green bowl beach,Bali,Badung,"Green bowl beach, Badung","-8.8486313,115.1710541"
Batu Lobang,Maluku Utara,Pulau Morotai,"Batu Lobang, Pulau Morotai","2.2431016,128.6251446"
Tanjung Gorango,Maluku Utara,Pulau Morotai,"Tanjung Gorango, Pulau Morotai","2.4984757,128.6702406"
simpang pos,Sumatera Utara ᯘᯮᯔᯖᯩᯒ ᯥᯖᯒ,Kota Medan ᯔᯩᯑᯉ᯲,Jalan Letjen. Djamin Ginting,"3.5402601,98.6544121"
Wavang Puppets,Daerah Istimewa Yogyakarta,Kota Yogyakarta,"Wavang Puppets, Kota Yogyakarta","-7.8087369,110.3622219"
recreation are,Aceh اچيه,Aceh Tenggara,"recreation are, Aceh Tenggara","3.6838918,97.6508576"
Traditional Toraja Houses,Sulawesi Selatan ᨔᨘᨒᨓᨙᨔᨗ ᨑᨗᨕᨈ,Toraja Utara,"Traditional Toraja Houses, Toraja Utara","-2.9747747,119.8956435"
Deri,Sulawesi Selatan ᨔᨘᨒᨓᨙᨔᨗ ᨑᨗᨕᨈ,Toraja Utara,"Deri, Toraja Utara","-2.9106654,119.9151604"
Toraja village,Sulawesi Selatan ᨔᨘᨒᨓᨙᨔᨗ ᨑᨗᨕᨈ,Toraja Utara,"Toraja village, Toraja Utara","-2.9078044,119.9251919"
Toraja village,Sulawesi Selatan ᨔᨘᨒᨓᨙᨔᨗ ᨑᨗᨕᨈ,Toraja Utara,"Toraja village, Toraja Utara","-2.9075794,119.9234753"
Toraja village,Sulawesi Selatan ᨔᨘᨒᨓᨙᨔᨗ ᨑᨗᨕᨈ,Tana Toraja,"Toraja village, Tana Toraja","-3.0651276,119.8701111"
Love Bridge,,Daerah Khusus ibukota Jakarta,"Love Bridge, Daerah Khusus ibukota Jakarta","-5.8024803,106.5118802"
Mawi Surf Break,Nusa Tenggara Barat,Kec. Sekarbela,"Mawi Surf Break, Kec. Sekarbela","-8.8870347,116.15924"
Zip line,Bali,Lembongan,"Zip line, Lembongan","-8.7088061,115.4402991"
pohon purba lian langka big trees,Nusa Tenggara Barat,,"pohon purba lian langka big trees, ","-8.4724257,116.6749255"
Pindana Beach Park,Nusa Tenggara Barat,,"Pindana Beach Park, ","-8.4732177,116.6768"
Iris Garden,Jawa Barat,Kota Bandung,"Iris Garden, Kota Bandung","-6.9633866,107.6262382"
Immersioni,Bali,Buleleng,"Immersioni, Buleleng","-8.092946,114.5224709"
Diversia - diving italiano,Nusa Tenggara Barat,Lombok Utara,"Diversia - diving italiano, Lombok Utara","-8.3544481,116.0430679"
sunset point,Nusa Tenggara Barat,Lombok Utara,"sunset point, Lombok Utara","-8.3164174,116.2820733"
teja bombong waterfall,Nusa Tenggara Barat,Lombok Utara,"teja bombong waterfall, Lombok Utara","-8.3182153,116.2679449"
Waterbom,Bali,Badung,Jl. Kartika Plaza,"-8.7284729,115.1696283"
For going to LOVE ISLAND,Gorontalo,Boalemo,"For going to LOVE ISLAND, Boalemo","0.490464,122.3045535"
For going to LOVE ISLAND,Gorontalo,Boalemo,"For going to LOVE ISLAND, Boalemo","0.4904626,122.3045662"
gangga murmas viewpoint,Nusa Tenggara Barat,Lombok Utara,"gangga murmas viewpoint, Lombok Utara","-8.3514246,116.2269495"
Isole Karimunjawa,Jawa Tengah,Jawa,"Isole Karimunjawa, Jawa","-5.8266579,110.45185"
Scuba Junkie Komodo,Nusa Tenggara Timur,Labuan Bajo,"Scuba Junkie Komodo, Labuan Bajo","-8.6112344,119.807814"
Wharf,Sulawesi Selatan ᨔᨘᨒᨓᨙᨔᨗ ᨑᨗᨕᨈ,Sulawesi,"Wharf, Sulawesi","-5.5930056,120.4613465"
Blue stone beach,Nusa Tenggara Timur,Ende,"Blue stone beach, Ende","-8.7985098,121.4771076"
Monoliths,Sulawesi Selatan ᨔᨘᨒᨓᨙᨔᨗ ᨑᨗᨕᨈ,Toraja Utara,"Monoliths, Toraja Utara","-2.9160469,119.8701409"
Mahend,Sulawesi Selatan ᨔᨘᨒᨓᨙᨔᨗ ᨑᨗᨕᨈ,Sulawesi,Topoka,"-3.3887648,120.3692155"
Wanawisata Penggaron,Jawa Tengah,Ungaran,"Wanawisata Penggaron, Ungaran","-7.1141462,110.4235811"
Coal Port,Bengkulu,Bengkulu Utara,"Coal Port, Bengkulu Utara","-3.3740489,101.82817"
sumatera's railway devided into two in here,Sumatera Selatan,Prabumulih,"sumatera's railway devided into two in here, Prabumulih","-3.4651629,104.2359504"
Penangkaran Penyu / Turtles Site,Bengkulu,Mukomuko,"Penangkaran Penyu / Turtles Site, Mukomuko","-3.0133146,101.480645"
Alun-alun Sukorejo,Jawa Tengah,Kendal,"Alun-alun Sukorejo, Kendal","-7.0871756,110.0452123"
Desa Budaya Kertalangu,Bali,Denpasar ᬤᬾᬦ᭄ᬧᬲᬃ,Jalan Bypass Ngurah Rai,"-8.6423302,115.2563041"
De Ranch,Jawa Barat,Bandung Barat,"De Ranch, Bandung Barat","-6.8159994,107.62646"
Kawah Ratu,Jawa Barat,Subang,"Kawah Ratu, Subang","-6.7583792,107.6155575"
Air Panas Ambon,Maluku,Maluku Tengah,"Air Panas Ambon, Maluku Tengah","-3.5936534,128.309001"
amazing fishing/snorkelling,Aceh اچيه,Sumatera,"amazing fishing/snorkelling, Sumatera","5.8831627,95.249606"
Massage reflexology Reborn,Kepulauan Riau كڤولاوان رياو,Batam,"Massage reflexology Reborn, Batam","1.1341711,104.0101378"
Inul vizta,Kepulauan Riau كڤولاوان رياو,Batam,"Inul vizta, Batam","1.1450339,104.0128263"
Air Panas Mala Nage,Nusa Tenggara Timur,Ngada,"Air Panas Mala Nage, Ngada","-8.8837081,121.0034417"
Cepi Watu Beach,Nusa Tenggara Timur,KABUPATEN MANGGARAI,"Cepi Watu Beach, KABUPATEN MANGGARAI","-8.8163616,120.5846978"
Amed wall,Bali,Karangasem,"Amed wall, Karangasem","-8.337564,115.6617295"
Toll Booth,Jawa Tengah,Jepara ꦗꦼꦥꦫ,"Toll Booth, Jepara ꦗꦼꦥꦫ","-6.5898971,110.6490955"
Nangganesa beach,Nusa Tenggara Timur,Ende,"Nangganesa beach, Ende","-8.8487001,121.6919681"
Upside Down World Bandung,Jawa Barat,Kota Bandung,"Upside Down World Bandung, Kota Bandung","-6.8971801,107.6162203"
Temple with big statue,Sumatera Utara ᯘᯮᯔᯖᯩᯒ ᯥᯖᯒ,Kota Pematang Siantar,"Temple with big statue, Kota Pematang Siantar","2.9544264,99.0689594"
Treasure Bay,Kepulauan Riau كڤولاوان رياو,Bintan,"Treasure Bay, Bintan","1.1576249,104.3284292"
Londry sukamara,Kalimantan Selatan,Banjarbaru,"Londry sukamara, Banjarbaru","-3.4381817,114.7228533"
Waecicu Beach,Nusa Tenggara Timur,Labuan Bajo,"Waecicu Beach, Labuan Bajo","-8.4639597,119.87214"
Bledug Kuwu,Jawa Tengah,Grobogan ꦒꦿꦺꦴꦧꦺꦴꦒꦤ꧀,"Bledug Kuwu, Grobogan ꦒꦿꦺꦴꦧꦺꦴꦒꦤ꧀","-7.1204576,111.1207375"
Volksraathuys,Sumatera Barat,Agam,"Volksraathuys, Agam","-0.3185424,100.3579208"
Taru Agro,Bali,Karangasem,Jalan Setra,"-8.5342451,115.4903436"
Traditional Village of Saga,Nusa Tenggara Timur,Ende,"Traditional Village of Saga, Ende","-8.7716192,121.73597"
Cibulan,Jawa Barat,Kuningan ᮊᮥᮔᮤᮍᮔ᮪,"Cibulan, Kuningan ᮊᮥᮔᮤᮍᮔ᮪","-6.9110724,108.4858415"
Trekking,Nusa Tenggara Timur,Manggarai Barat,"Trekking, Manggarai Barat","-8.6775371,119.5554536"
Underwater Buddha Statue Garden,Bali,Klungkung,"Underwater Buddha Statue Garden, Klungkung","-8.68443,115.4662176"
Jemeluk snorkelling spot,Bali,Karangasem,"Jemeluk snorkelling spot, Karangasem","-8.3381029,115.6608631"
Bunut Bolong,Bali,Jembrana,"Bunut Bolong, Jembrana","-8.3867737,114.8735337"
Air Panas Semurup,Jambi,Kerinci,"Air Panas Semurup, Kerinci","-1.9882085,101.3576773"
Tegal Wangi Beach,Bali,Badung,"Tegal Wangi Beach, Badung","-8.7823731,115.1406596"
Jemursari,Jawa Timur,Surabaya,"Jemursari, Surabaya","-7.3289915,112.731446"
Madakaripura,Jawa Timur,Probolinggo,"Madakaripura, Probolinggo","-7.8552995,113.0077073"
Bangkai pesawat,Bali,Badung,Jl. Nusa Dua Selatan,"-8.8318362,115.1875513"
Broken Bay,Bali,Klungkung,"Broken Bay, Klungkung","-8.7294842,115.4500655"
Vila Almarick Biorock,Nusa Tenggara Barat,Kec. Ampenan,"Vila Almarick Biorock, Kec. Ampenan","-8.3461172,116.0433854"
Bale Sampan Biorock,Nusa Tenggara Barat,Kec. Ampenan,"Bale Sampan Biorock, Kec. Ampenan","-8.3479656,116.0438526"
Samba Vilas Biorock,Nusa Tenggara Barat,Kec. Ampenan,"Samba Vilas Biorock, Kec. Ampenan","-8.3481527,116.0439347"
Trawangan Dive Biorock,Nusa Tenggara Barat,Kec. Ampenan,"Trawangan Dive Biorock, Kec. Ampenan","-8.3490364,116.0442834"
Gili Divers Biorock,Nusa Tenggara Barat,Kec. Ampenan,"Gili Divers Biorock, Kec. Ampenan","-8.3495698,116.0444604"
Dinosaur shadehouse,Bali,Tabanan,"Dinosaur shadehouse, Tabanan","-8.2758747,115.1537382"
Orangutan Feeding,Sumatera Utara ᯘᯮᯔᯖᯩᯒ ᯥᯖᯒ,Langkat,Rainforest Discovery Path,"3.544255,98.1158505"
Huta Siallagan,Sumatera Utara ᯘᯮᯔᯖᯩᯒ ᯥᯖᯒ,Samosir,Jalan Lumban Nangka,"2.678915,98.8364729"
Suaya,Sulawesi Selatan ᨔᨘᨒᨓᨙᨔᨗ ᨑᨗᨕᨈ,Tana Toraja,"Suaya, Tana Toraja","-3.0937028,119.9025536"
Tibumana,Bali,Bangli,"Tibumana, Bangli","-8.5068009,115.3330647"
Batas Waktu Feeding Station,Kalimantan Tengah,Kotawaringin Barat,"Batas Waktu Feeding Station, Kotawaringin Barat","-2.8232578,111.8099666"
Balangan Bowl,Bali,Badung,"Balangan Bowl, Badung","-8.8035445,115.1319963"
Belaraghi Starting Point,Nusa Tenggara Timur,Ngada,"Belaraghi Starting Point, Ngada","-8.8312306,120.8466808"
Pucok Krueng,Aceh اچيه,Aceh Besar,"Pucok Krueng, Aceh Besar","5.4604918,95.2619611"
Koka beach,Nusa Tenggara Timur,Sikka,"Koka beach, Sikka","-8.7961983,122.0178791"
Bena traditional village,Nusa Tenggara Timur,Ngada,"Bena traditional village, Ngada","-8.8776313,120.9858255"
Secret beach,Nusa Tenggara Timur,Ngada,"Secret beach, Ngada","-8.9454473,120.9713491"
Mangrove,Nusa Tenggara Barat,,"Mangrove, ","-8.1471858,117.3758079"
Poto batu,Nusa Tenggara Barat,,"Poto batu, ","-8.794211,116.8123452"
Beautiful beach,Nusa Tenggara Timur,Sikka,"Beautiful beach, Sikka","-8.4808923,122.4658045"
Beautiful beach,Nusa Tenggara Timur,Sikka,"Beautiful beach, Sikka","-8.4333643,122.5052882"
Snorkling,Nusa Tenggara Timur,,"Snorkling, ","-8.4704823,122.4786689"
Snorkling,Nusa Tenggara Timur,,"Snorkling, ","-8.5083779,122.4530175"
White sand beach,,Sulawesi,"White sand beach, Sulawesi","-5.6098723,120.4394855"
Boats construction,Sulawesi Selatan ᨔᨘᨒᨓᨙᨔᨗ ᨑᨗᨕᨈ,Sulawesi,"Boats construction, Sulawesi","-5.6028854,120.4624328"
Snorkling,,Sulawesi,"Snorkling, Sulawesi","-5.6337142,120.4452038"
Snorkling,,Sulawesi,"Snorkling, Sulawesi","-5.6314676,120.431817"
White sand beach,,Sulawesi,"White sand beach, Sulawesi","-5.6147791,120.45676"
Koka beach,Nusa Tenggara Timur,Sikka,"Koka beach, Sikka","-8.7952471,122.0194482"
Koka beach,Nusa Tenggara Timur,Sikka,"Koka beach, Sikka","-8.7941879,122.0168469"
Waebela village,Nusa Tenggara Timur,Ngada,"Waebela village, Ngada","-8.9451121,120.96982"
Sarong handicraft village,Nusa Tenggara Timur,Ende,"Sarong handicraft village, Ende","-8.7806868,121.8678561"
Finsensius saver laka big traditional house,Nusa Tenggara Timur,Ende,"Finsensius saver laka big traditional house, Ende","-8.7915921,121.8628848"
Kuburan di atas pohon,Sumatera Utara ᯘᯮᯔᯖᯩᯒ ᯥᯖᯒ,Samosir,"Kuburan di atas pohon, Samosir","2.6482208,98.8625446"
Secret beach,Nusa Tenggara Timur,Ngada,"Secret beach, Ngada","-8.9460968,120.9701336"
Rice fields terrasse,Nusa Tenggara Timur,Nagekeo,"Rice fields terrasse, Nagekeo","-8.7818803,121.1464533"
Rice fields terrasse,Nusa Tenggara Timur,Nagekeo,"Rice fields terrasse, Nagekeo","-8.7814745,121.1463911"
Rice fields terrasse,Nusa Tenggara Timur,Nagekeo,"Rice fields terrasse, Nagekeo","-8.7811863,121.1467628"
Liang Bua cave (Hobbit cave),Nusa Tenggara Timur,Manggarai,"Liang Bua cave (Hobbit cave), Manggarai","-8.5308277,120.44347"
huge rice field terrasse,Nusa Tenggara Timur,Manggarai Timur,"huge rice field terrasse, Manggarai Timur","-8.6565253,120.5615169"
Huge rice field terrasse,Nusa Tenggara Timur,Manggarai Timur,"Huge rice field terrasse, Manggarai Timur","-8.6774973,120.5646277"
Mengeruda Hot Spring,Nusa Tenggara Timur,Ngada,"Mengeruda Hot Spring, Ngada","-8.7094511,121.085845"
Big terrace rice field,Nusa Tenggara Timur,Manggarai,"Big terrace rice field, Manggarai","-8.6459788,120.3437708"
Wologai traditional village,Nusa Tenggara Timur,Ende,"Wologai traditional village, Ende","-8.6943528,121.8086826"
Puncak Guha,Jawa Barat,Sinarjaya,"Puncak Guha, Sinarjaya","-7.5362084,107.496854"
Penangkaran Kupu-kupu,Sulawesi Selatan ᨔᨘᨒᨓᨙᨔᨗ ᨑᨗᨕᨈ,Sulawesi,"Penangkaran Kupu-kupu, Sulawesi","-5.0171709,119.6767522"
Jam Gento Bangko,Jambi,Merangin,"Jam Gento Bangko, Merangin","-2.0763467,102.274463"
Situ Wanayasa,Jawa Barat,Purwakarta,"Situ Wanayasa, Purwakarta","-6.6773971,107.5553485"
Cerita Anak Hoick,Papua Pegunungan,Yalimo,"Cerita Anak Hoick, Yalimo","-3.8911016,139.3188807"
Cancan walung,Nusa Tenggara Timur,Labuan Bajo,"Cancan walung, Labuan Bajo","-8.5583586,119.995325"
Motor Rental,Nusa Tenggara Timur,Ende,"Motor Rental, Ende","-8.8481471,121.6564952"
Mangrove Beach,Nusa Tenggara Timur,Sikka,"Mangrove Beach, Sikka","-8.5245004,122.0456472"
Mangrove Magepanda Forest,Nusa Tenggara Timur,Sikka,"Mangrove Magepanda Forest, Sikka","-8.5260022,122.0442708"
Bamboo Bridge,Nusa Tenggara Timur,Sikka,"Bamboo Bridge, Sikka","-8.5254047,122.044947"
Bamboo Bridge,Nusa Tenggara Timur,Sikka,"Bamboo Bridge, Sikka","-8.5266639,122.0428065"
Dead Coral Beach,Nusa Tenggara Timur,Sikka,"Dead Coral Beach, Sikka","-8.6101739,122.3909852"
Turtle foundation,Kalimantan Timur,Berau,"Jl. Mangga II, Gang Anunta 03, RT 11","2.1470533,117.50091"
Bilangbilangan island,Kalimantan Timur,Berau,"Bilangbilangan island, Berau","1.5584383,118.94382"
Mataha island,Kalimantan Timur,Berau,"Mataha island, Berau","1.5224833,118.91104"
DANTE PINE,Sulawesi Selatan ᨔᨘᨒᨓᨙᨔᨗ ᨑᨗᨕᨈ,Sulawesi,Jl. Poros Enrekang-Toraja,"-3.4460393,119.7919121"
traditional Minangkabau house,Sumatera Barat,Tanah Datar,"traditional Minangkabau house, Tanah Datar","-0.3749746,100.5549575"
Rice granary,Sumatera Barat,Tanah Datar,"Rice granary, Tanah Datar","-0.4718908,100.6215129"
Minangkabau houses,Sumatera Barat,Tanah Datar,"Minangkabau houses, Tanah Datar","-0.525439,100.5698848"
Minangkabau house (350 years old),Sumatera Barat,Tanah Datar,"Minangkabau house (350 years old), Tanah Datar","-0.5229305,100.5696902"
Minangkabau house,Sumatera Barat,Tanah Datar,"Minangkabau house, Tanah Datar","-0.5228592,100.5682957"
Tado Homestay,Nusa Tenggara Timur,Manggarai Barat,Trans Flores,"-8.6515663,120.0762584"
Batu Mentas,Kepulauan Bangka Belitung,Belitung,"Batu Mentas, Belitung","-2.7927831,107.8364031"
Moa Taman Belut,Maluku,Maluku Tengah,"Moa Taman Belut, Maluku Tengah","-3.7492912,127.9349823"
Alaska Ha,Bali,Gianyar,"Alaska Ha, Gianyar","-8.4352795,115.280822"
Crystal Bay Dive Site,Nusa Tenggara Timur,Kabupaten Manggarai Barat,"Crystal Bay Dive Site, Kabupaten Manggarai Barat","-8.4472423,119.5682314"
Pengah Kecil,Nusa Tenggara Timur,Kabupaten Manggarai Barat,"Pengah Kecil, Kabupaten Manggarai Barat","-8.5769535,119.6808266"
Siaba Besar dive site,Nusa Tenggara Timur,Kabupaten Manggarai Barat,"Siaba Besar dive site, Kabupaten Manggarai Barat","-8.558211,119.6450121"
Kaliakah Village Circuit ( Makepung-Bull Race),Bali,Jembrana,"Kaliakah Village Circuit ( Makepung-Bull Race), Jembrana","-8.3446387,114.6013927"
Underwater volcano,Sulawesi Utara,Kepulauan Siau Tagulandang Biaro,"Underwater volcano, Kepulauan Siau Tagulandang Biaro","2.667431,125.3735386"
Mantar Paragliding,Nusa Tenggara Barat,,"Mantar Paragliding, ","-8.6084055,116.82811"
Turtle egg beach (nightly),Nusa Tenggara Barat,,"Turtle egg beach (nightly), ","-9.0821089,116.9783201"
Pyramids,Bali,Karangasem,"Pyramids, Karangasem","-8.3341953,115.6536502"
Hadabuan Naisogop,Sumatera Utara ᯘᯮᯔᯖᯩᯒ ᯥᯖᯒ,Samosir,"Hadabuan Naisogop, Samosir","2.5899716,98.6223519"
Lewikluok traditional village entrance,Nusa Tenggara Timur,Flores Timur,"Lewikluok traditional village entrance, Flores Timur","-8.3986835,122.8600357"
Sing Sing Angin waterfall,Bali,Tabanan,"Sing Sing Angin waterfall, Tabanan","-8.4485044,115.0523016"
sade waterfall,Bali,Tabanan,"sade waterfall, Tabanan","-8.4052736,115.0282529"
Gerbang karangasem,Daerah Istimewa Yogyakarta,Sleman,"Gerbang karangasem, Sleman","-7.7506676,110.4096068"
Lava rocks,Maluku Utara,Maluku,"Lava rocks, Maluku","0.8437357,127.3733376"
Lava stones,Maluku Utara,Maluku,"Lava stones, Maluku","0.8462994,127.3668025"
Lava stones,Maluku Utara,Ternate,"Lava stones, Ternate","0.8484218,127.3626254"
Yeer Teran Ratut (YTR),Maluku,Maluku Tenggara,"Yeer Teran Ratut (YTR), Maluku Tenggara","-5.6228452,132.7125371"
Fish Feeding Riverside Rasuna Epicentrum,,Daerah Khusus ibukota Jakarta,"Fish Feeding Riverside Rasuna Epicentrum, Daerah Khusus ibukota Jakarta","-6.2173973,106.835646"
Erek Erek Downhill Bike track,Jawa Timur,Banyuwangi ꦧꦚꦸꦮꦔꦶ,"Erek Erek Downhill Bike track, Banyuwangi ꦧꦚꦸꦮꦔꦶ","-8.1046298,114.2409"
Kalibendo Pool,Jawa Timur,Banyuwangi ꦧꦚꦸꦮꦔꦶ,"Kalibendo Pool, Banyuwangi ꦧꦚꦸꦮꦔꦶ","-8.1658464,114.27486"
Entrance Batu Angus,Maluku Utara,Ternate,"Entrance Batu Angus, Ternate","0.8446901,127.36468"
Snorkelling bay,Maluku Utara,Maluku,"Snorkelling bay, Maluku","0.8634966,127.3315157"
Walk to Afo 1-3 (Oldest clove trees),Maluku Utara,Ternate,"Walk to Afo 1-3 (Oldest clove trees), Ternate","0.7903497,127.3582448"
Lina crocodile lake,Maluku Utara,Halmahera Utara,"Lina crocodile lake, Halmahera Utara","1.5329565,127.8420249"
Paca lake recreation,Maluku Utara,Halmahera Utara,"Paca lake recreation, Halmahera Utara","1.569529,127.9464916"
To: Underwater volcano beach,Maluku Utara,Halmahera Utara,"To: Underwater volcano beach, Halmahera Utara","1.8029001,127.85927"
Bat Cave,Nusa Tenggara Barat,Lombok Tengah,"Bat Cave, Lombok Tengah","-8.8868159,116.2544767"
Pink Beach,Nusa Tenggara Timur,Manggarai Barat,"Pink Beach, Manggarai Barat","-8.6356644,119.6164304"
Kanto Lampo,Bali,Gianyar,"Kanto Lampo, Gianyar","-8.5323414,115.3329825"
Rante Karassik,Sulawesi Selatan ᨔᨘᨒᨓᨙᨔᨗ ᨑᨗᨕᨈ,Toraja Utara,"Rante Karassik, Toraja Utara","-2.9816288,119.8940137"
Kawasan Wisata Ollon,Sulawesi Selatan ᨔᨘᨒᨓᨙᨔᨗ ᨑᨗᨕᨈ,Tana Toraja,"Kawasan Wisata Ollon, Tana Toraja","-3.2877748,119.6883343"
DJL Diving Moyo @ Maleo Moyo seaside resort,Nusa Tenggara Barat,,labuan aji,"-8.2173844,117.4839387"
DJL Diving Moyo,Nusa Tenggara Barat,,labuan aji pulau moyo,"-8.2171839,117.4837388"
Former Dach Jail,Papua Barat Daya,Sorong,"Former Dach Jail, Sorong","-0.8886104,131.2351939"
Rockwalk,Papua Barat Daya,Sorong,"Rockwalk, Sorong","-0.8843652,131.2386269"
Framu Lake,Papua Barat Daya,Maybrat,"Framu Lake, Maybrat","-1.2599573,132.18339"
Buntu Pune,Sulawesi Selatan ᨔᨘᨒᨓᨙᨔᨗ ᨑᨗᨕᨈ,Toraja Utara,"Buntu Pune, Toraja Utara","-2.9874378,119.8968489"
Papa' Batu Tumakke,Sulawesi Selatan ᨔᨘᨒᨓᨙᨔᨗ ᨑᨗᨕᨈ,Tana Toraja,"Papa' Batu Tumakke, Tana Toraja","-3.070503,119.7945736"
Tongkonan Sassa',Sulawesi Selatan ᨔᨘᨒᨓᨙᨔᨗ ᨑᨗᨕᨈ,Tana Toraja,"Tongkonan Sassa', Tana Toraja","-3.1653449,119.8594841"
Jayapura City Sign,Papua,Jayapura,"Jayapura City Sign, Jayapura","-2.5494143,140.7092953"
Pintu Masuk Forest Walk Babakan Siliwangi,Jawa Barat,Kota Bandung,"Pintu Masuk Forest Walk Babakan Siliwangi, Kota Bandung","-6.8852505,107.6097305"
Coral Garden,Bali,Karangasem,"Coral Garden, Karangasem","-8.372976,115.7059571"
Punthuk Setumbu Reforestation Project,Jawa Tengah,Magelang ꦩꦒꦼꦭꦁ,"Punthuk Setumbu Reforestation Project, Magelang ꦩꦒꦼꦭꦁ","-7.6071925,110.1776308"
Fish feeding snorkeling point,Nusa Tenggara Barat,Kec. Sekarbela,"Fish feeding snorkeling point, Kec. Sekarbela","-8.7194823,116.0072187"
Fish Feeding snorkeling point,Nusa Tenggara Barat,Kec. Sekarbela,"Fish Feeding snorkeling point, Kec. Sekarbela","-8.7200573,116.0108047"
Turtle Conservation Center,Nusa Tenggara Barat,Lombok Barat,"Turtle Conservation Center, Lombok Barat","-8.7191523,116.0095013"
Manta Point,Bali,Klungkung,"Manta Point, Klungkung","-8.7388438,115.4539857"
Small Volcano Rocks Beach,Bali,Karangasem,"Small Volcano Rocks Beach, Karangasem","-8.2795907,115.5986257"
Cape Kri,Papua Barat Daya,Raja Ampat,"Cape Kri, Raja Ampat","-0.5537887,130.6850475"
Kabui,Papua Barat Daya,Raja Ampat,"Kabui, Raja Ampat","-0.4237071,130.5753197"
Friwen Bonda,Papua Barat Daya,Raja Ampat,"Friwen Bonda, Raja Ampat","-0.4753454,130.6980161"
fruit bat colony,Nusa Tenggara Timur,KABUPATEN MANGGARAI,"fruit bat colony, KABUPATEN MANGGARAI","-8.370066,121.0134377"
Night walk,Kalimantan Tengah,Kotawaringin Barat,"Night walk, Kotawaringin Barat","-2.7409451,111.9193936"
Lubang Kalam,Sumatera Barat,Sawahlunto,"Lubang Kalam, Sawahlunto","-0.7001448,100.7789612"
Lubang Kalam,Sumatera Barat,Sawahlunto,"Lubang Kalam, Sawahlunto","-0.6921951,100.7793235"
Simalem Resort,Sumatera Utara ᯘᯮᯔᯖᯩᯒ ᯥᯖᯒ,Karo,"Simalem Resort, Karo","2.8862358,98.5045334"
Aer Mata royal tombs,Jawa Timur,Bangkalan,"Aer Mata royal tombs, Bangkalan","-6.9481725,112.8562866"
Fort Rotterdam,Sulawesi Selatan ᨔᨘᨒᨓᨙᨔᨗ ᨑᨗᨕᨈ,Makassar,"Fort Rotterdam, Makassar","-5.1339694,119.4053709"
Entrance to war cemetery,Maluku,Ambon,"Entrance to war cemetery, Ambon","-3.6744534,128.1919966"
ENDE letters sculpture,Nusa Tenggara Timur,,"ENDE letters sculpture, ","-8.8436183,121.6426587"
Equator,Sulawesi Tengah,Donggala,"Equator, Donggala","-1.57e-05,119.8873708"
Port Waai (Car Ferry),Maluku,Maluku Tengah,"Port Waai (Car Ferry), Maluku Tengah","-3.5571146,128.3261607"
Kulur Port,Maluku,Maluku Tengah,"Kulur Port, Maluku Tengah","-3.4940953,128.5798643"
Bat cave,Aceh اچيه,Sumatera,"Bat cave, Sumatera","5.4970753,95.2275284"
WATU GEDHEK,Jawa Timur,Banyuwangi ꦧꦚꦸꦮꦔꦶ,"WATU GEDHEK, Banyuwangi ꦧꦚꦸꦮꦔꦶ","-8.2580957,114.1184453"
تمان سفاري,Jawa Barat,Kab Bogor,"تمان سفاري, Kab Bogor","-6.6970034,106.9447784"
Bori Kalimbuang,Sulawesi Selatan ᨔᨘᨒᨓᨙᨔᨗ ᨑᨗᨕᨈ,Toraja Utara,"Bori Kalimbuang, Toraja Utara","-2.9196936,119.9208103"
MahaRaja Eco Dive Resort,Papua Barat Daya,Raja Ampat,"MahaRaja Eco Dive Resort, Raja Ampat","-0.7599151,130.7542299"
Andiamo Dive Site,Papua Barat Daya,Raja Ampat,"Andiamo Dive Site, Raja Ampat","-2.0991786,130.8561715"
Karang Bayangan (Magic Mountain) Dive Site,Papua Barat Daya,Raja Ampat,"Karang Bayangan (Magic Mountain) Dive Site, Raja Ampat","-2.2567625,130.6496121"
The Candy Shop Dive Site,Papua Barat Daya,Raja Ampat,"The Candy Shop Dive Site, Raja Ampat","-2.1052988,130.871136"
Romeo Dive Site,Papua Barat Daya,Raja Ampat,"Romeo Dive Site, Raja Ampat","-2.1941358,130.6086441"
Yilliet Kecil Dive Site,Papua Barat Daya,Raja Ampat,"Yilliet Kecil Dive Site, Raja Ampat","-2.1943658,130.6099883"
Fiabacet Corner Dive Site,Papua Barat Daya,Raja Ampat,"Fiabacet Corner Dive Site, Raja Ampat","-2.2205345,130.5540121"
Wayil Dive Site,Papua Barat Daya,Raja Ampat,"Wayil Dive Site, Raja Ampat","-2.2026601,130.4250441"
Rainbow Reef Dive Site,Papua Barat Daya,Raja Ampat,"Rainbow Reef Dive Site, Raja Ampat","-0.5951496,130.2902079"
Batu Dalam Dive Site,Papua Barat Daya,Raja Ampat,"Batu Dalam Dive Site, Raja Ampat","-0.5101622,130.4430148"
Mayhem Dive Site,Papua Barat Daya,Raja Ampat,"Mayhem Dive Site, Raja Ampat","-0.5110819,130.4465905"
Boo Window Dive Site,Papua Barat Daya,Raja Ampat,"Boo Window Dive Site, Raja Ampat","-2.22171,130.6110701"
Nudi Rock Dive Site,Papua Barat Daya,Raja Ampat,"Nudi Rock Dive Site, Raja Ampat","-2.2190961,130.5641848"
Barracuda Rock Dive Site,Papua Barat Daya,Raja Ampat,"Barracuda Rock Dive Site, Raja Ampat","-2.1952056,130.4274024"
Wedding Cake Dive Site,Papua Barat Daya,Raja Ampat,"Wedding Cake Dive Site, Raja Ampat","-2.2053852,130.4173932"
Kaleidascope Ridge Dive Site,Papua Barat Daya,Raja Ampat,"Kaleidascope Ridge Dive Site, Raja Ampat","-2.1823774,130.215934"
Pele’s Playground Dive Site,Papua Barat Daya,Raja Ampat,"Pele’s Playground Dive Site, Raja Ampat","-2.1431824,130.1701191"
Toblerone Dive Site,Papua Barat Daya,Raja Ampat,"Toblerone Dive Site, Raja Ampat","-2.1606426,130.2906962"
Four Kings Dive Site,Papua Barat Daya,Raja Ampat,"Four Kings Dive Site, Raja Ampat","-2.207931,130.3773005"
Melissa's Garden,Papua Barat Daya,Raja Ampat,"Melissa's Garden, Raja Ampat","-0.5900067,130.3152625"
My Reef Dive Site,Papua Barat Daya,Raja Ampat,"My Reef Dive Site, Raja Ampat","-0.6009927,130.2969536"
Batu Rufas Dive Site,Papua Barat Daya,Raja Ampat,"Batu Rufas Dive Site, Raja Ampat","-0.5659022,130.2844014"
Citrus Ridge Dive Site,Papua Barat Daya,Raja Ampat,"Citrus Ridge Dive Site, Raja Ampat","-0.5101957,130.4551335"
Yilliet Corner Dive Site,Papua Barat Daya,Raja Ampat,"Yilliet Corner Dive Site, Raja Ampat","-2.1937393,130.6051562"
Love Potion #9 Dive Site,Papua Barat Daya,Raja Ampat,"Love Potion #9 Dive Site, Raja Ampat","-2.0223539,130.6946862"
Manta Ridge Dive Site,Papua Barat Daya,Raja Ampat,"Manta Ridge Dive Site, Raja Ampat","-0.5602828,130.5579936"
Yan Gefo Homestay Dive Site,Papua Barat Daya,Raja Ampat,"Yan Gefo Homestay Dive Site, Raja Ampat","-0.5102057,130.4514146"
Yanbuba Corner,Papua Barat Daya,Raja Ampat,"Yanbuba Corner, Raja Ampat","-0.5715119,130.6581113"
Gella Stone Grave,Sulawesi Selatan ᨔᨘᨒᨓᨙᨔᨗ ᨑᨗᨕᨈ,Toraja Utara,"Gella Stone Grave, Toraja Utara","-3.0118611,119.8741171"
Cape Kri,Papua Barat Daya,Raja Ampat,"Cape Kri, Raja Ampat","-0.5569089,130.6900627"
Blue Magic Dive Site,Papua Barat Daya,Raja Ampat,"Blue Magic Dive Site, Raja Ampat","-0.5074179,130.7368162"
Tapokren Dive Site,Papua Barat Daya,Raja Ampat,"Tapokren Dive Site, Raja Ampat","-0.4389027,130.7261746"
P-47 Dive Site,Papua Barat Daya,Raja Ampat,"P-47 Dive Site, Raja Ampat","-0.7025701,130.7088328"
Manta Wai Dive Site,Papua Barat Daya,Raja Ampat,"Manta Wai Dive Site, Raja Ampat","-0.6873737,130.7427006"
Sumur Bandung,Jawa Barat,Kota Bandung,"Sumur Bandung, Kota Bandung","-6.9207697,107.6085001"
Manado adventure park,Sulawesi Utara,Minahasa Utara,Jalan Drs. S. H. Sarundajang (Ring Road 1),"1.4785974,124.8912408"
Entrance to waterfall Kali,Sulawesi Utara,Sulawesi,"Entrance to waterfall Kali, Sulawesi","1.3955814,124.84198"
Snorkelling spot,Sulawesi Utara,Sulawesi,"Snorkelling spot, Sulawesi","1.6055697,124.7810581"
Hidden Canyon Beji Guwang,Bali,Gianyar,"Hidden Canyon Beji Guwang, Gianyar","-8.6095423,115.2892525"
Mangrove Track,Kepulauan Bangka Belitung,Belitung,"Mangrove Track, Belitung","-2.763439,107.6099528"
Sunset Boulevard,Kepulauan Bangka Belitung,Simpang Pesak,"Sunset Boulevard, Simpang Pesak","-2.7611503,107.6098238"
Ruteng Pu'u traditional village,Nusa Tenggara Timur,Manggarai,"Ruteng Pu'u traditional village, Manggarai","-8.6121633,120.4460047"
Pasir Putih,Papua Pegunungan,Jayawijaya,"Pasir Putih, Jayawijaya","-4.0372225,138.9513959"
Ferry - Desa Tobil,Sulawesi Tengah,Tojo Una-Una,"Ferry - Desa Tobil, Tojo Una-Una","-0.3679999,121.8691928"
Ferry - Bumbulan,Gorontalo,Pohuwato,"Ferry - Bumbulan, Pohuwato","0.4873002,122.1134"
Great Snorkelling,Maluku,Maluku,"Great Snorkelling, Maluku","-4.5789969,130.0360218"
Banua old houses,Sulawesi Tengah,Poso,"Banua old houses, Poso","-1.767735,120.6329333"
Terminal Ferry Boat - Bumbulan (To Dolong),Gorontalo,Pohuwato,"Terminal Ferry Boat - Bumbulan (To Dolong), Pohuwato","0.4865064,122.1106874"
Terminal Ferry - Dolong B,Sulawesi Tengah,Tojo Una-Una,"Terminal Ferry - Dolong B, Tojo Una-Una","-0.2623582,122.2153165"
Funeral ceremony place,Sulawesi Selatan ᨔᨘᨒᨓᨙᨔᨗ ᨑᨗᨕᨈ,Toraja Utara,"Funeral ceremony place, Toraja Utara","-3.0109884,119.9174411"
Tongkonan Buntu Tangnga,Sulawesi Selatan ᨔᨘᨒᨓᨙᨔᨗ ᨑᨗᨕᨈ,Sulawesi,"Tongkonan Buntu Tangnga, Sulawesi","-3.2425551,119.7999219"
KC PANAKUKANG,Sulawesi Selatan ᨔᨘᨒᨓᨙᨔᨗ ᨑᨗᨕᨈ,Makassar,"KC PANAKUKANG, Makassar","-5.1604218,119.4596212"
KL TELLO BARU,Sulawesi Selatan ᨔᨘᨒᨓᨙᨔᨗ ᨑᨗᨕᨈ,Makassar,"KL TELLO BARU, Makassar","-5.1463792,119.4698789"
Bunker Jepang,Aceh اچيه,Sabang,"Bunker Jepang, Sabang","5.8474971,95.3737426"
Shoes and bags shopping street,Jawa Barat,Kota Bandung,"Shoes and bags shopping street, Kota Bandung","-6.9492258,107.5940721"
Glass Blowing,Bali,Gianyar,"Glass Blowing, Gianyar","-8.4150653,115.2891931"
Tourist information,Jawa Barat,Garut,"Tourist information, Garut","-7.3082735,107.7383623"
Talagabodas Lake,Jawa Barat,Sukamenak,"Talagabodas Lake, Sukamenak","-7.2102555,108.0657658"
Path to the lake,Jawa Barat,Garut,"Path to the lake, Garut","-7.3147559,107.7299283"
Surf brakes,Aceh اچيه,Sumatera,"Surf brakes, Sumatera","5.4777669,95.2326745"
Ticket office,Jawa Barat,Pangandaran,"Ticket office, Pangandaran","-7.6452147,108.5382392"
Chocolate Factory big tree bamboo,Bali,Badung,"Chocolate Factory big tree bamboo, Badung","-8.5719825,115.2170777"
Swimmingpool,Jawa Barat,Pangandaran,"Swimmingpool, Pangandaran","-7.6445667,108.5350001"
Rumah Pohon Suku Momuna,Papua Pegunungan,Yahukimo,"Rumah Pohon Suku Momuna, Yahukimo","-4.8380786,139.5512341"
Wahana Bola Air,Sumatera Utara ᯘᯮᯔᯖᯩᯒ ᯥᯖᯒ,Deli Serdang,"Wahana Bola Air, Deli Serdang","3.7142596,98.7271994"
Wahana Rakit Romance,Sumatera Utara ᯘᯮᯔᯖᯩᯒ ᯥᯖᯒ,Deli Serdang,"Wahana Rakit Romance, Deli Serdang","3.7140367,98.727076"
Stasiun Kereta Api,Sumatera Utara ᯘᯮᯔᯖᯩᯒ ᯥᯖᯒ,Deli Serdang,"Stasiun Kereta Api, Deli Serdang","3.7124274,98.7292573"
Tourist information,Jawa Timur,Kabupaten Kediri,"Tourist information, Kabupaten Kediri","-7.8160894,112.0621944"
Cystal Rock Dive Site,Nusa Tenggara Timur,Kabupaten Manggarai Barat,"Cystal Rock Dive Site, Kabupaten Manggarai Barat","-8.4416648,119.5677822"
Tree Top Adventure Park,Jawa Barat,Bandung Barat,"Tree Top Adventure Park, Bandung Barat","-6.7821577,107.6499872"
Boats construction,Sulawesi Selatan ᨔᨘᨒᨓᨙᨔᨗ ᨑᨗᨕᨈ,Sulawesi,"Boats construction, Sulawesi","-5.5932291,120.4613747"
Tarantula Tree,Sulawesi Utara,Bitung,"Tarantula Tree, Bitung","1.5636478,125.1723599"
Tarsier Tree,Sulawesi Utara,Bitung,"Tarsier Tree, Bitung","1.5611184,125.1720353"
Mandolin,Sulawesi Utara,Sulawesi,"Mandolin, Sulawesi","1.6142768,124.7329379"
Maribaja Natural Hot Spring Resort,Jawa Barat,Bandung Barat,"Maribaja Natural Hot Spring Resort, Bandung Barat","-6.8305355,107.6548873"
Lokon Trail Startig Point,Sulawesi Utara,Tomohon,"Lokon Trail Startig Point, Tomohon","1.3582227,124.8154795"
Japanese Caves,Sulawesi Utara,Sulawesi,"Japanese Caves, Sulawesi","1.2139696,124.7889549"
Hot Springs,Sulawesi Utara,Tomohon,"Hot Springs, Tomohon","1.2836715,124.8221444"
Boat construction,,Sulawesi,"Boat construction, Sulawesi","-5.5931247,120.4617704"
Snorkeling,,Sulawesi,"Snorkeling, Sulawesi","-5.6752283,120.4750071"
Perkebunan Teh Tanjungsari,Jawa Tengah,Wonosobo ꦮꦤꦱꦧ,"Perkebunan Teh Tanjungsari, Wonosobo ꦮꦤꦱꦧ","-7.4477278,109.9770922"
Snorkeling,Sulawesi Tengah,Sulawesi,"Snorkeling, Sulawesi","-0.2345332,122.0332195"
Snorkeling,Sulawesi Tengah,Sulawesi,"Snorkeling, Sulawesi","-0.2140885,122.0672324"
Buntu pune,Sulawesi Selatan ᨔᨘᨒᨓᨙᨔᨗ ᨑᨗᨕᨈ,Toraja Utara,"Buntu pune, Toraja Utara","-2.9874765,119.8967483"
Pana stone and baby graves,Sulawesi Selatan ᨔᨘᨒᨓᨙᨔᨗ ᨑᨗᨕᨈ,Toraja Utara,"Pana stone and baby graves, Toraja Utara","-2.9208367,119.8702533"
Batu Piak Historic Stone,Sulawesi Selatan ᨔᨘᨒᨓᨙᨔᨗ ᨑᨗᨕᨈ,Toraja Utara,"Batu Piak Historic Stone, Toraja Utara","-2.9110028,119.8703974"
Alam Paragliding Flying Site,Bali,Badung,"Alam Paragliding Flying Site, Badung","-8.8365623,115.2053272"
Klungkung Palace,Bali,Klungkung,"Klungkung Palace, Klungkung","-8.5356484,115.4029536"
Pedemal Agung,Bali,Klungkung,"Pedemal Agung, Klungkung","-8.5358422,115.4029231"
Kertha Gosa,Bali,Klungkung,"Kertha Gosa, Klungkung","-8.5354185,115.4035849"
Telaga Bintang,Papua Barat Daya,Raja Ampat,"Telaga Bintang, Raja Ampat","-0.5688679,130.2707278"
Peguyangan,Bali,Klungkung,"Peguyangan, Klungkung","-8.7814362,115.5183751"
Keraton Sambaliung,Kalimantan Timur,Berau,"Keraton Sambaliung, Berau","2.1646847,117.4995129"
Bomero City Walk,Jawa Barat,Cianjur,"Bomero City Walk, Cianjur","-6.821327,107.1419171"
Indoor Playground,Jawa Timur,Kota Malang,"Indoor Playground, Kota Malang","-7.9821752,112.6322277"
Feeding Station 1: Tanjung Harapan,Kalimantan Tengah,Kotawaringin Barat,"Feeding Station 1: Tanjung Harapan, Kotawaringin Barat","-2.8240409,111.80391"
Feeding Station: Pondok Tanggui,Kalimantan Tengah,Kotawaringin Barat,"Feeding Station: Pondok Tanggui, Kotawaringin Barat","-2.7926055,111.87054"
Dago Car Free Day,Jawa Barat,Kota Bandung,"Dago Car Free Day, Kota Bandung","-6.8982172,107.6127886"
Kawasan Kuliner Pasar Lama,,Tangerang,"Kawasan Kuliner Pasar Lama, Tangerang","-6.1779396,106.6300758"
Fairground,Sulawesi Tengah,Poso,"Fairground, Poso","-2.0684303,120.6922205"
Archeological Site,Papua Barat Daya,Raja Ampat,"Archeological Site, Raja Ampat","-0.4381446,130.4536501"
Pearl Farm,Papua Barat Daya,Raja Ampat,"Pearl Farm, Raja Ampat","-0.4390574,130.4572521"
Archaeological Site,Papua Barat Daya,Raja Ampat,"Archaeological Site, Raja Ampat","-0.4424993,130.4535016"
Sumampan Waterfall,Bali,Gianyar,"Sumampan Waterfall, Gianyar","-8.5517659,115.2921243"
Terumbu Karang,Kalimantan Selatan,Kalimantan,"Terumbu Karang, Kalimantan","-3.7949859,115.6091796"
Terumbu Karang,Kalimantan Selatan,Kalimantan,"Terumbu Karang, Kalimantan","-3.7860882,115.5659345"
Watu Giring,Daerah Istimewa Yogyakarta,Kabupaten Gunungkidul ꦏꦧꦸꦥꦠꦺꦤ꧀ꦒꦸꦤꦸꦁꦏꦶꦢꦸꦭ꧀,"Watu Giring, Kabupaten Gunungkidul ꦏꦧꦸꦥꦠꦺꦤ꧀ꦒꦸꦤꦸꦁꦏꦶꦢꦸꦭ꧀","-7.9964664,110.6283977"
Kalisuci Cave Tubing,Daerah Istimewa Yogyakarta,Kabupaten Gunungkidul ꦏꦧꦸꦥꦠꦺꦤ꧀ꦒꦸꦤꦸꦁꦏꦶꦢꦸꦭ꧀,"Kalisuci Cave Tubing, Kabupaten Gunungkidul ꦏꦧꦸꦥꦠꦺꦤ꧀ꦒꦸꦤꦸꦁꦏꦶꦢꦸꦭ꧀","-8.0098052,110.6389995"
Pakuwaja,Jawa Tengah,Wonosobo ꦮꦤꦱꦧ,"Pakuwaja, Wonosobo ꦮꦤꦱꦧ","-7.2302938,109.9210077"
Rumah Miring,Jawa Barat,Bandung Barat,"Rumah Miring, Bandung Barat","-6.8437773,107.6321737"
Asia Farm,Riau رياو,Pekanbaru,"Asia Farm, Pekanbaru","0.5081421,101.5101906"
Puncak Penanggak,Nusa Tenggara Barat,,"Puncak Penanggak, ","-8.5428236,116.4034907"
